TIME_TO_INTERVAL,Power,Radiation,ClearSkyRadiation,Radiation(SDv3)(CWB),Radiation(SDv3)(OWM),Radiation(MSM),Radiation(today)(CWB),Radiation(today)(OWM),WeatherType(CWB),WeatherType(pred)(CWB),WeatherType(OWM),WeatherType(pred)(OWM),ApparentTemperature(pred)[CWB],Temperature(pred)[CWB],RelativeHumidity(pred)[CWB],FeelsLikeTemperature(pred)[OWM],Temperature(pred)[OWM],RelativeHumidity(pred)[OWM]
2023-09-25 00:00:00,0.03000000000000028,0.0,0.0,0.0,0.0,,0.0,0.0,晴,晴,晴,晴,32.0,28.0,81.0,,,
2023-09-25 00:15:00,0.029862857142857413,0.0,0.0,0.0,0.0,,0.0,0.0,晴,晴,晴,晴,32.0,28.0,81.0,,,
2023-09-25 00:30:00,0.030000000000000294,0.0,0.0,0.0,0.0,,0.0,0.0,晴,晴,晴,晴,32.0,28.0,81.0,,,
2023-09-25 00:45:00,0.030000000000000294,0.0,0.0,0.0,0.0,,0.0,0.0,晴,晴,晴,晴,32.0,28.0,81.0,,,
2023-09-25 01:00:00,0.030000000000000294,0.0,0.0,0.0,0.0,,0.0,0.0,晴,晴,晴,晴,32.0,28.0,81.0,,,
2023-09-25 01:15:00,0.030000000000000294,0.0,0.0,0.0,0.0,,0.0,0.0,晴,晴,晴,晴,32.0,28.0,81.0,,,
2023-09-25 01:30:00,0.029932126696832862,0.0,0.0,0.0,0.0,,0.0,0.0,晴,晴,晴,晴,32.0,28.0,81.0,,,
2023-09-25 01:45:00,0.030000000000000294,0.0,0.0,0.0,0.0,,0.0,0.0,晴,晴,晴,晴,32.0,28.0,81.0,,,
2023-09-25 02:00:00,0.030000000000000294,0.0,0.0,0.0,0.0,,0.0,0.0,晴,晴,晴,晴,32.0,28.0,81.0,,,
2023-09-25 02:15:00,0.02993031358885043,0.0,0.0,0.0,0.0,,0.0,0.0,晴,晴,晴,晴,31.75,27.75,81.0,,,
2023-09-25 02:30:00,0.030000000000000294,0.0,0.0,0.0,0.0,,0.0,0.0,晴,晴,晴,晴,31.5,27.5,81.0,,,
2023-09-25 02:45:00,0.030000000000000294,0.0,0.0,0.0,0.0,,0.0,0.0,晴,晴,晴,晴,31.25,27.25,81.0,,,
2023-09-25 03:00:00,0.030000000000000294,0.0,0.0,0.0,0.0,,0.0,0.0,晴,晴,晴,晴,31.0,27.0,81.0,32.140000000000036,27.840000000000032,83.0
2023-09-25 03:15:00,0.030000000000000294,0.0,0.0,0.0,0.0,,0.0,0.0,晴,晴,晴,晴,31.0,27.0,81.0,32.140000000000036,27.840000000000032,83.0
2023-09-25 03:30:00,0.03000000000000028,0.0,0.0,0.0,0.0,,0.0,0.0,晴,晴,晴,晴,31.0,27.0,81.0,32.140000000000036,27.840000000000032,83.0
2023-09-25 03:45:00,0.030000000000000294,0.0,0.0,0.0,0.0,,0.0,0.0,晴,晴,晴,晴,31.0,27.0,81.0,32.140000000000036,27.840000000000032,83.0
2023-09-25 04:00:00,0.02993288590604056,0.0,0.0,0.0,0.0,,0.0,0.0,晴,晴,晴,晴,31.0,27.0,81.0,32.140000000000036,27.840000000000032,83.0
2023-09-25 04:15:00,0.030000000000000294,0.0,1.3697240872748794e-05,0.00019065220023752104,0.0002222424938892409,,0.00019065220023752104,0.0002222424938892409,晴,晴,晴,晴,31.0,27.0,81.0,32.140000000000036,27.840000000000032,83.0
2023-09-25 04:30:00,0.030000000000000294,0.0,2.7394481745497588e-05,0.00038130440047504213,0.0004444849877784818,,0.00038130440047504213,0.0004444849877784818,晴,晴,晴,晴,31.0,27.0,81.0,32.140000000000036,27.840000000000032,83.0
2023-09-25 04:45:00,0.030000000000000294,0.0,4.109172261824639e-05,0.0005719566007125631,0.0006667274816677227,,0.0005719566007125631,0.0006667274816677227,晴,晴,晴,晴,31.0,27.0,81.0,32.140000000000036,27.840000000000032,83.0
2023-09-25 05:00:00,0.030000000000000294,0.0,5.4788963490995176e-05,0.0007626088009500843,0.0008889699755569636,,0.0007626088009500843,0.0008889699755569636,晴,晴,晴,晴,31.0,27.0,81.0,32.140000000000036,27.840000000000032,83.0
2023-09-25 05:15:00,0.02992998833138882,0.015972222222222218,0.017421974469425054,0.016341606483697285,0.014169318237922869,,0.016341606483697285,0.014169318237922869,晴,晴,晴,晴,31.0,26.75,82.0,31.480000000000025,27.612500000000026,82.0
2023-09-25 05:30:00,0.030000000000000294,0.031944444444444435,0.03478915997535911,0.03192060416644448,0.027449666500288777,,0.03192060416644448,0.027449666500288777,晴,晴,晴,晴,31.0,26.5,83.0,30.820000000000014,27.38500000000002,81.0
2023-09-25 05:45:00,0.030000000000000294,0.04791666666666666,0.05215634548129317,0.047499601849191685,0.040730014762654684,,0.047499601849191685,0.040730014762654684,晴,晴,晴,晴,31.0,26.25,84.0,30.16000000000001,27.157500000000013,80.0
2023-09-25 06:00:00,0.030000000000000294,0.06388888888888887,0.06952353098722723,0.06307859953193888,0.05401036302502059,,0.06307859953193888,0.05401036302502059,晴,晴,晴,晴,31.0,26.0,85.0,29.5,26.93000000000001,79.0
2023-09-25 06:15:00,0.03094444444444475,0.10694444444444444,0.12439847368058178,0.1021910662306166,0.08564621674810499,,0.1021910662306166,0.08564621674810499,晴,晴,晴,晴,31.0,26.0,85.0,29.5,26.93000000000001,79.0
2023-09-25 06:30:00,0.5731999999999996,0.15,0.17927341637393635,0.14130353292929432,0.1172820704711894,,0.14130353292929432,0.1172820704711894,晴,晴,晴,晴,31.0,26.0,85.0,29.5,26.93000000000001,79.0
2023-09-25 06:45:00,0.9184777777777784,0.19305555555555556,0.2341483590672909,0.18041599962797197,0.1489179241942738,,0.18041599962797197,0.1489179241942738,晴,晴,晴,晴,31.0,26.0,85.0,29.5,26.93000000000001,79.0
2023-09-25 07:00:00,1.2094348327566395,0.2361111111111111,0.28902330176064545,0.2195284663266497,0.1805537779173582,,0.2195284663266497,0.1805537779173582,晴,晴,晴,晴,31.0,26.0,85.0,29.5,26.93000000000001,79.0
2023-09-25 07:15:00,1.804944444444456,0.25625,0.3453170399524923,0.2671611655379955,0.2279994955601276,,0.2671611655379955,0.2279994955601276,晴,晴,晴,晴,31.0,26.0,85.0,29.5,26.93000000000001,79.0
2023-09-25 07:30:00,2.070644444444443,0.2763888888888889,0.4016107781443392,0.3147938647493413,0.2754452132028969,,0.3147938647493413,0.2754452132028969,晴,晴,晴,晴,31.0,26.0,85.0,29.5,26.93000000000001,79.0
2023-09-25 07:45:00,2.2212999999999967,0.2965277777777778,0.4579045163361861,0.3624265639606871,0.32289093084566634,,0.3624265639606871,0.32289093084566634,晴,晴,晴,晴,31.0,26.0,85.0,29.5,26.93000000000001,79.0
2023-09-25 08:00:00,2.4882888888888903,0.31666666666666665,0.5141982545280329,0.4100592631720328,0.3703366484884357,,0.4100592631720328,0.3703366484884357,晴,晴,晴,晴,31.0,26.0,85.0,29.5,26.93000000000001,79.0
2023-09-25 08:15:00,2.44586666666667,0.3631944444444444,0.5606726503673238,0.4517316455686362,0.3996602230161096,,0.4517316455686362,0.3996602230161096,晴,晴,晴,晴,32.0,27.0,82.25,29.855000000000004,27.30500000000001,75.75
2023-09-25 08:30:00,2.8418607442977124,0.4097222222222222,0.6071470462066147,0.4934040279652395,0.42898379754378346,,0.4934040279652395,0.42898379754378346,晴,晴,晴,晴,33.0,28.0,79.5,30.210000000000008,27.68000000000001,72.5
2023-09-25 08:45:00,3.3440444444444397,0.45625,0.6536214420459057,0.5350764103618428,0.4583073720714573,,0.5350764103618428,0.4583073720714573,晴,晴,晴,晴,34.0,29.0,76.75,30.56500000000001,28.05500000000001,69.25
2023-09-25 09:00:00,5.176566666666673,0.5027777777777778,0.7000958378851966,0.5767487927584461,0.4876309465991312,,0.5767487927584461,0.4876309465991312,晴,晴,晴,晴,35.0,30.0,74.0,30.920000000000016,28.43000000000001,66.0
2023-09-25 09:15:00,4.2602666666666655,0.5527777777777778,0.732373749386718,0.6023084699853319,0.4992667501160378,,0.6023084699853319,0.4992667501160378,晴,晴,晴,晴,35.0,30.0,74.0,30.920000000000016,28.43000000000001,66.0
2023-09-25 09:30:00,4.956066666666667,0.6027777777777777,0.7646516608882392,0.6278681472122178,0.5109025536329443,,0.6278681472122178,0.5109025536329443,晴,晴,晴,晴,35.0,30.0,74.0,30.920000000000016,28.43000000000001,66.0
2023-09-25 09:45:00,4.531666666666669,0.6527777777777777,0.7969295723897605,0.6534278244391036,0.522538357149851,,0.6534278244391036,0.522538357149851,晴,晴,晴,晴,35.0,30.0,74.0,30.920000000000016,28.43000000000001,66.0
2023-09-25 10:00:00,5.352577777777787,0.7027777777777777,0.8292074838912818,0.6789875016659894,0.5341741606667576,,0.6789875016659894,0.5341741606667576,晴,晴,晴,晴,35.0,30.0,74.0,30.920000000000016,28.43000000000001,66.0
2023-09-25 10:15:00,5.7544111111111045,0.6486111111111109,0.8447304926725046,0.6725666682588243,0.5304333254144478,,0.6725666682588243,0.5304333254144478,晴,晴,晴,晴,35.0,30.0,74.0,30.920000000000016,28.43000000000001,66.0
2023-09-25 10:30:00,6.751544444444443,0.5944444444444444,0.8602535014537274,0.6661458348516591,0.5266924901621379,,0.6661458348516591,0.5266924901621379,晴,晴,晴,晴,35.0,30.0,74.0,30.920000000000016,28.43000000000001,66.0
2023-09-25 10:45:00,6.750066666666683,0.5402777777777777,0.8757765102349501,0.6597250014444941,0.5229516549098283,,0.6597250014444941,0.5229516549098283,晴,晴,晴,晴,35.0,30.0,74.0,30.920000000000016,28.43000000000001,66.0
2023-09-25 11:00:00,6.841166666666652,0.4861111111111111,0.8912995190161728,0.6533041680373288,0.5192108196575185,,0.6533041680373288,0.5192108196575185,晴,晴,晴,晴,35.0,30.0,74.0,30.920000000000016,28.43000000000001,66.0
2023-09-25 11:15:00,7.0825850340136105,0.41527777777777775,0.8888960290229909,0.6457916886853481,0.5160417241928956,,0.6457916886853481,0.5160417241928956,晴,晴,晴,晴,35.5,30.75,72.0,32.192500000000024,29.237500000000008,64.25
2023-09-25 11:30:00,7.258811111111113,0.34444444444444444,0.8864925390298093,0.6382792093333671,0.5128726287282729,,0.6382792093333671,0.5128726287282729,晴,晴,晴,晴,36.0,31.5,70.0,33.46500000000003,30.045000000000016,62.5
2023-09-25 11:45:00,6.9833888888888715,0.27361111111111114,0.8840890490366277,0.6307667299813863,0.5097035332636501,,0.6307667299813863,0.5097035332636501,晴,晴,晴,晴,36.5,32.25,68.0,34.73750000000004,30.85250000000002,60.75
2023-09-25 12:00:00,1.8756333333333384,0.20277777777777775,0.8816855590434459,0.6232542506294054,0.5065344377990273,,0.6232542506294054,0.5065344377990273,晴,晴,晴,晴,37.0,33.0,66.0,36.01000000000005,31.660000000000025,59.0
2023-09-25 12:15:00,0.9914000000000004,0.20277777777777775,0.8615326937237131,0.6214955459397005,0.4979122760944258,,0.6214955459397005,0.4979122760944258,晴,晴,晴,晴,37.0,33.0,66.0,36.01000000000005,31.660000000000025,59.0
2023-09-25 12:30:00,2.1480760626398303,0.20277777777777775,0.8413798284039802,0.6197368412499955,0.4892901143898244,,0.6197368412499955,0.4892901143898244,晴,晴,晴,晴,37.0,33.0,66.0,36.01000000000005,31.660000000000025,59.0
2023-09-25 12:45:00,1.6531222222222144,0.20277777777777775,0.8212269630842473,0.6179781365602907,0.480667952685223,,0.6179781365602907,0.480667952685223,晴,晴,晴,晴,37.0,33.0,66.0,36.01000000000005,31.660000000000025,59.0
2023-09-25 13:00:00,2.0885777777777834,0.20277777777777775,0.8010740977645144,0.6162194318705857,0.4720457909806216,,0.6162194318705857,0.4720457909806216,晴,晴,晴,晴,37.0,33.0,66.0,36.01000000000005,31.660000000000025,59.0
2023-09-25 13:15:00,5.648588888888883,0.2645833333333333,0.7647002221316676,0.5833548625725893,0.450176058860508,,0.5833548625725893,0.450176058860508,晴,晴,晴,晴,37.0,33.0,66.0,36.01000000000005,31.660000000000025,59.0
2023-09-25 13:30:00,3.6681555555555336,0.3263888888888889,0.7283263464988206,0.550490293274593,0.4283063267403945,,0.550490293274593,0.4283063267403945,晴,晴,晴,晴,37.0,33.0,66.0,36.01000000000005,31.660000000000025,59.0
2023-09-25 13:45:00,4.9680777777777685,0.3881944444444445,0.6919524708659737,0.5176257239765966,0.4064365946202809,,0.5176257239765966,0.4064365946202809,晴,晴,晴,晴,37.0,33.0,66.0,36.01000000000005,31.660000000000025,59.0
2023-09-25 14:00:00,5.496277777777776,0.45,0.6555785952331268,0.4847611546786002,0.3845668625001674,,0.4847611546786002,0.3845668625001674,晴,晴,晴,晴,37.0,33.0,66.0,36.01000000000005,31.660000000000025,59.0
2023-09-25 14:15:00,4.8008111111111065,0.4375,0.6059410118680473,0.4456445897149477,0.3550357512355054,,0.4456445897149477,0.3550357512355054,晴,晴,晴,晴,37.0,33.0,66.25,35.930000000000035,31.592500000000033,59.25
2023-09-25 14:30:00,4.266944444444432,0.425,0.5563034285029678,0.4065280247512952,0.3255046399708434,,0.4065280247512952,0.3255046399708434,晴,晴,晴,晴,37.0,33.0,66.5,35.85000000000002,31.525000000000038,59.5
2023-09-25 14:45:00,3.723124274099889,0.4125,0.5066658451378883,0.3674114597876427,0.2959735287061814,,0.3674114597876427,0.2959735287061814,晴,晴,晴,晴,37.0,33.0,66.75,35.77000000000001,31.457500000000053,59.75
2023-09-25 15:00:00,3.3064555555555577,0.4,0.4570282617728087,0.3282948948239902,0.26644241744151936,,0.3282948948239902,0.26644241744151936,晴,晴,晴,晴,37.0,33.0,67.0,35.69,31.390000000000054,60.0
2023-09-25 15:15:00,2.7032222222222257,0.34930555555555554,0.3993105721319996,0.28751412035332313,0.2344703532773121,,0.28751412035332313,0.2344703532773121,晴,晴,晴,晴,37.0,33.0,67.0,35.69,31.390000000000054,60.0
2023-09-25 15:30:00,2.101522222222232,0.2986111111111111,0.3415928824911906,0.24673334588265605,0.20249828911310488,,0.24673334588265605,0.20249828911310488,晴,晴,晴,晴,37.0,33.0,67.0,35.69,31.390000000000054,60.0
2023-09-25 15:45:00,1.4745222222222356,0.24791666666666665,0.2838751928503815,0.20595257141198894,0.17052622494889758,,0.20595257141198894,0.17052622494889758,晴,晴,晴,晴,37.0,33.0,67.0,35.69,31.390000000000054,60.0
2023-09-25 16:00:00,0.8733111111111159,0.19722222222222224,0.2261575032095724,0.1651717969413219,0.13855416078469032,,0.1651717969413219,0.13855416078469032,晴,晴,晴,晴,37.0,33.0,67.0,35.69,31.390000000000054,60.0
2023-09-25 16:15:00,0.6303402187120317,0.15833333333333333,0.17765346223570888,0.13101796706084162,0.11038471385395204,,0.13101796706084162,0.11038471385395204,晴,晴,晴,晴,37.0,33.0,67.0,35.69,31.390000000000054,60.0
2023-09-25 16:30:00,0.5273888888888896,0.11944444444444445,0.12914942126184534,0.09686413718036133,0.08221526692321374,,0.09686413718036133,0.08221526692321374,晴,晴,晴,晴,37.0,33.0,67.0,35.69,31.390000000000054,60.0
2023-09-25 16:45:00,0.4182333333333328,0.08055555555555555,0.0806453802879818,0.06271030729988104,0.05404581999247544,,0.06271030729988104,0.05404581999247544,晴,晴,晴,晴,37.0,33.0,67.0,35.69,31.390000000000054,60.0
2023-09-25 17:00:00,0.3075333333333339,0.04166666666666666,0.032141339314118264,0.028556477419400775,0.025876373061737144,,0.028556477419400775,0.025876373061737144,晴,晴,晴,晴,37.0,33.0,67.0,35.69,31.390000000000054,60.0
2023-09-25 17:15:00,0.18974444444444274,0.03125,0.024106004485588698,0.02141735806455058,0.019407279796302856,,0.02141735806455058,0.019407279796302856,晴,晴,晴,晴,36.25,32.25,69.5,35.29250000000001,30.96750000000005,62.25
2023-09-25 17:30:00,0.049140271493213504,0.02083333333333333,0.016070669657059132,0.014278238709700387,0.012938186530868572,,0.014278238709700387,0.012938186530868572,晴,晴,晴,晴,35.5,31.5,72.0,34.89500000000001,30.54500000000005,64.5
2023-09-25 17:45:00,0.029988888888889183,0.010416666666666664,0.008035334828529566,0.007139119354850194,0.006469093265434289,,0.007139119354850194,0.006469093265434289,晴,晴,晴,晴,34.75,30.75,74.5,34.49750000000001,30.122500000000052,66.75
2023-09-25 18:00:00,0.030000000000000294,0.0,0.0,0.0,0.0,,0.0,0.0,晴,晴,晴,晴,34.0,30.0,77.0,34.100000000000016,29.700000000000053,69.0
2023-09-25 18:15:00,0.030000000000000294,0.0,0.0,0.0,0.0,,0.0,0.0,晴,晴,晴,晴,34.0,30.0,77.0,34.100000000000016,29.700000000000053,69.0
2023-09-25 18:30:00,0.030000000000000294,0.0,0.0,0.0,0.0,,0.0,0.0,晴,晴,晴,晴,34.0,30.0,77.0,34.100000000000016,29.700000000000053,69.0
2023-09-25 18:45:00,0.030000000000000294,0.0,0.0,0.0,0.0,,0.0,0.0,晴,晴,晴,晴,34.0,30.0,77.0,34.100000000000016,29.700000000000053,69.0
2023-09-25 19:00:00,0.030000000000000294,0.0,0.0,0.0,0.0,,0.0,0.0,晴,晴,晴,晴,34.0,30.0,77.0,34.100000000000016,29.700000000000053,69.0
2023-09-25 19:15:00,0.029932960893855037,0.0,0.0,0.0,0.0,,0.0,0.0,晴,晴,晴,晴,34.0,30.0,77.0,34.100000000000016,29.700000000000053,69.0
2023-09-25 19:30:00,0.030000000000000294,0.0,0.0,0.0,0.0,,0.0,0.0,晴,晴,晴,晴,34.0,30.0,77.0,34.100000000000016,29.700000000000053,69.0
2023-09-25 19:45:00,0.030000000000000294,0.0,0.0,0.0,0.0,,0.0,0.0,晴,晴,晴,晴,34.0,30.0,77.0,34.100000000000016,29.700000000000053,69.0
2023-09-25 20:00:00,0.030000000000000294,0.0,0.0,0.0,0.0,,0.0,0.0,晴,晴,晴,晴,34.0,30.0,77.0,34.100000000000016,29.700000000000053,69.0
2023-09-25 20:15:00,0.030000000000000294,0.0,0.0,0.0,0.0,,0.0,0.0,晴,晴,晴,晴,33.75,29.5,78.75,33.54250000000001,29.282500000000052,71.25
2023-09-25 20:30:00,0.02986095017381253,0.0,0.0,0.0,0.0,,0.0,0.0,晴,晴,晴,晴,33.5,29.0,80.5,32.98500000000001,28.865000000000048,73.5
2023-09-25 20:45:00,0.030000000000000294,0.0,0.0,0.0,0.0,,0.0,0.0,晴,晴,晴,晴,33.25,28.5,82.25,32.42750000000001,28.447500000000037,75.75
2023-09-25 21:00:00,0.030000000000000294,0.0,0.0,0.0,0.0,,0.0,0.0,晴,晴,晴,晴,33.0,28.0,84.0,31.870000000000005,28.030000000000033,78.0
2023-09-25 21:15:00,0.030000000000000294,0.0,0.0,0.0,0.0,,0.0,0.0,晴,晴,晴,晴,33.0,28.0,84.0,31.870000000000005,28.030000000000033,78.0
2023-09-25 21:30:00,0.029977777777778075,0.0,0.0,0.0,0.0,,0.0,0.0,晴,晴,晴,晴,33.0,28.0,84.0,31.870000000000005,28.030000000000033,78.0
2023-09-25 21:45:00,0.030000000000000294,0.0,0.0,0.0,0.0,,0.0,0.0,晴,晴,晴,晴,33.0,28.0,84.0,31.870000000000005,28.030000000000033,78.0
2023-09-25 22:00:00,0.02993023255813979,0.0,0.0,0.0,0.0,,0.0,0.0,晴,晴,晴,晴,33.0,28.0,84.0,31.870000000000005,28.030000000000033,78.0
2023-09-25 22:15:00,0.030000000000000294,0.0,0.0,0.0,0.0,,0.0,0.0,晴,晴,晴,晴,33.0,28.0,84.0,31.870000000000005,28.030000000000033,78.0
2023-09-25 22:30:00,0.030000000000000294,0.0,0.0,0.0,0.0,,0.0,0.0,晴,晴,晴,晴,33.0,28.0,84.0,31.870000000000005,28.030000000000033,78.0
2023-09-25 22:45:00,0.030000000000000294,0.0,0.0,0.0,0.0,,0.0,0.0,晴,晴,晴,晴,33.0,28.0,84.0,31.870000000000005,28.030000000000033,78.0
2023-09-25 23:00:00,0.030000000000000294,0.0,0.0,0.0,0.0,,0.0,0.0,晴,晴,晴,晴,33.0,28.0,84.0,31.870000000000005,28.030000000000033,78.0
2023-09-25 23:15:00,0.030000000000000294,,0.0,0.0,0.0,,0.0,0.0,晴,晴,晴,晴,32.25,28.0,81.5,31.74000000000001,27.975000000000023,78.0
2023-09-25 23:30:00,0.02993288590604056,,0.0,0.0,0.0,,0.0,0.0,晴,晴,晴,晴,31.5,28.0,79.0,31.61000000000001,27.920000000000016,78.0
2023-09-25 23:45:00,0.030000000000000294,,0.0,0.0,0.0,,0.0,0.0,晴,晴,晴,晴,30.75,28.0,76.5,31.480000000000015,27.86500000000001,78.0
2023-09-26 00:00:00,0.030000000000000294,,0.0,0.0,0.0,,0.0,0.0,晴,晴,晴,晴,30.0,28.0,74.0,31.350000000000023,27.81,78.0
2023-09-26 00:15:00,0.030000000000000294,,0.0,0.0,0.0,,0.0,0.0,晴,晴,晴,晴,30.0,28.0,74.0,31.350000000000023,27.81,78.0
2023-09-26 00:30:00,0.02992583436341182,,0.0,0.0,0.0,,0.0,0.0,晴,晴,晴,晴,30.0,28.0,74.0,31.350000000000023,27.81,78.0
2023-09-26 00:45:00,0.030000000000000294,,0.0,0.0,0.0,,0.0,0.0,晴,晴,晴,晴,30.0,28.0,74.0,31.350000000000023,27.81,78.0
2023-09-26 01:00:00,0.030000000000000294,,0.0,0.0,0.0,,0.0,0.0,晴,晴,晴,晴,30.0,28.0,74.0,31.350000000000023,27.81,78.0
2023-09-26 01:15:00,0.030000000000000294,,0.0,0.0,0.0,,0.0,0.0,晴,晴,晴,晴,30.0,28.0,74.0,31.350000000000023,27.81,78.0
2023-09-26 01:30:00,0.030000000000000294,,0.0,0.0,0.0,,0.0,0.0,晴,晴,晴,晴,30.0,28.0,74.0,31.350000000000023,27.81,78.0
2023-09-26 01:45:00,0.030000000000000294,,0.0,0.0,0.0,,0.0,0.0,晴,晴,晴,晴,30.0,28.0,74.0,31.350000000000023,27.81,78.0
2023-09-26 02:00:00,0.030000000000000294,,0.0,0.0,0.0,,0.0,0.0,晴,晴,晴,晴,30.0,28.0,74.0,31.350000000000023,27.81,78.0
2023-09-26 02:15:00,0.030000000000000294,,0.0,0.0,0.0,,0.0,0.0,晴,晴,晴,晴,30.25,27.75,74.25,31.562500000000032,27.795,79.75
2023-09-26 02:30:00,0.029931113662457213,,0.0,0.0,0.0,,0.0,0.0,晴,晴,晴,晴,30.5,27.5,74.5,31.775000000000034,27.78,81.5
2023-09-26 02:45:00,0.030000000000000294,,0.0,0.0,0.0,,0.0,0.0,晴,晴,晴,晴,30.75,27.25,74.75,31.98750000000004,27.765,83.25
2023-09-26 03:00:00,0.030000000000000294,,0.0,0.0,0.0,,0.0,0.0,晴,晴,晴,晴,31.0,27.0,75.0,32.200000000000045,27.75,85.0
2023-09-26 03:15:00,0.030000000000000294,,0.0,0.0,0.0,,0.0,0.0,晴,晴,晴,晴,31.0,27.0,75.0,32.200000000000045,27.75,85.0
2023-09-26 03:30:00,0.030000000000000294,,0.0,0.0,0.0,,0.0,0.0,晴,晴,晴,晴,31.0,27.0,75.0,32.200000000000045,27.75,85.0
2023-09-26 03:45:00,0.030000000000000294,,0.0,0.0,0.0,,0.0,0.0,晴,晴,晴,晴,31.0,27.0,75.0,32.200000000000045,27.75,85.0
2023-09-26 04:00:00,0.029928057553957062,,0.0,0.0,0.0,,0.0,0.0,晴,晴,晴,晴,31.0,27.0,75.0,32.200000000000045,27.75,85.0
2023-09-26 04:15:00,0.030000000000000294,,1.2067250206420705e-05,0.00016796432391343993,0.0001957953287947249,,0.00016796432391343993,0.0001957953287947249,晴,晴,晴,晴,31.0,27.0,75.0,32.200000000000045,27.75,85.0
2023-09-26 04:30:00,0.030000000000000294,,2.413450041284141e-05,0.00033592864782687985,0.0003915906575894497,,0.00033592864782687985,0.0003915906575894497,晴,晴,晴,晴,31.0,27.0,75.0,32.200000000000045,27.75,85.0
2023-09-26 04:45:00,0.030000000000000294,,3.620175061926211e-05,0.0005038929717403199,0.0005873859863841746,,0.0005038929717403199,0.0005873859863841746,晴,晴,晴,晴,31.0,27.0,75.0,32.200000000000045,27.75,85.0
2023-09-26 05:00:00,0.030000000000000294,,4.826900082568281e-05,0.0006718572956537598,0.0007831813151788996,,0.0006718572956537598,0.0007831813151788996,晴,晴,晴,晴,31.0,27.0,75.0,32.200000000000045,27.75,85.0
2023-09-26 05:15:00,0.030000000000000287,,0.017263494164745725,0.016134190567095967,0.013970657865887748,,0.016134190567095967,0.013970657865887748,晴,晴,晴,晴,31.25,27.0,77.75,31.59750000000004,27.53750000000001,84.5
2023-09-26 05:30:00,0.029932279909706826,,0.034478719328665766,0.031596523838538185,0.0271581344165966,,0.031596523838538185,0.0271581344165966,晴,晴,晴,晴,31.5,27.0,80.5,30.995000000000033,27.325000000000014,84.0
2023-09-26 05:45:00,0.02993243243243272,,0.051693944492585804,0.04705885710998038,0.040345610967305434,,0.04705885710998038,0.040345610967305434,晴,晴,晴,晴,31.75,27.0,83.25,30.392500000000034,27.112500000000026,83.5
2023-09-26 06:00:00,0.030000000000000294,,0.06890916965650584,0.06252119038142259,0.053533087518014284,,0.06252119038142259,0.053533087518014284,晴,晴,晴,晴,32.0,27.0,86.0,29.79000000000002,26.900000000000034,83.0
2023-09-26 06:15:00,0.03064444444444473,,0.12375041746038748,0.1016307563475248,0.08517126244256985,,0.1016307563475248,0.08517126244256985,晴,晴,晴,晴,32.0,27.0,86.0,29.79000000000002,26.900000000000034,83.0
2023-09-26 06:30:00,0.03144444444444477,,0.17859166526426912,0.140740322313627,0.11680943736712543,,0.140740322313627,0.11680943736712543,晴,晴,晴,晴,32.0,27.0,86.0,29.79000000000002,26.900000000000034,83.0
2023-09-26 06:45:00,0.979255555555554,,0.23343291306815075,0.1798498882797292,0.14844761229168096,,0.1798498882797292,0.14844761229168096,晴,晴,晴,晴,32.0,27.0,86.0,29.79000000000002,26.900000000000034,83.0
2023-09-26 07:00:00,1.61224444444446,,0.2882741608720324,0.2189594542458314,0.18008578721623655,,0.2189594542458314,0.18008578721623655,晴,晴,晴,晴,32.0,27.0,86.0,29.79000000000002,26.900000000000034,83.0
2023-09-26 07:15:00,2.0677840909091016,,0.3445531737161157,0.266573308487018,0.22750301017455266,,0.266573308487018,0.22750301017455266,晴,晴,晴,晴,32.0,27.0,86.0,29.79000000000002,26.900000000000034,83.0
2023-09-26 07:30:00,2.3875888888888723,,0.4008321865601991,0.3141871627282045,0.2749202331328688,,0.3141871627282045,0.2749202331328688,晴,晴,晴,晴,32.0,27.0,86.0,29.79000000000002,26.900000000000034,83.0
2023-09-26 07:45:00,2.642577777777772,,0.4571111994042825,0.36180101696939104,0.3223374560911849,,0.36180101696939104,0.3223374560911849,晴,晴,晴,晴,32.0,27.0,86.0,29.79000000000002,26.900000000000034,83.0
2023-09-26 08:00:00,3.225999999999982,,0.5133902122483658,0.4094148712105776,0.36975467904950104,,0.4094148712105776,0.36975467904950104,晴,晴,晴,晴,32.0,27.0,86.0,29.79000000000002,26.900000000000034,83.0
2023-09-26 08:15:00,3.8278777777777786,,0.5598181328565592,0.4510436455016115,0.3990506705380731,,0.4510436455016115,0.3990506705380731,晴,晴,晴,晴,32.75,27.75,83.25,30.225000000000023,27.265000000000033,80.0
2023-09-26 08:30:00,4.5709222222221975,,0.6062460534647527,0.4926724197926454,0.4283466620266452,,0.4926724197926454,0.4283466620266452,晴,晴,晴,晴,33.5,28.5,80.5,30.660000000000025,27.630000000000024,77.0
2023-09-26 08:45:00,4.9339265212399335,,0.6526739740729461,0.5343011940836793,0.4576426535152173,,0.5343011940836793,0.4576426535152173,晴,晴,晴,晴,34.25,29.25,77.75,31.095000000000034,27.995000000000008,74.0
2023-09-26 09:00:00,4.663766666666663,,0.6991018946811396,0.5759299683747132,0.4869386450037894,,0.5759299683747132,0.4869386450037894,晴,晴,晴,晴,35.0,30.0,75.0,31.530000000000033,28.36000000000001,71.0
2023-09-26 09:15:00,1.7870777777777769,,0.7313063977594816,0.6014307721238649,0.4985401601651365,,0.6014307721238649,0.4985401601651365,晴,晴,晴,晴,35.0,30.0,75.0,31.530000000000033,28.36000000000001,71.0
2023-09-26 09:30:00,1.6383333333333376,,0.7635109008378236,0.6269315758730165,0.5101416753264836,,0.6269315758730165,0.5101416753264836,晴,晴,晴,晴,35.0,30.0,75.0,31.530000000000033,28.36000000000001,71.0
2023-09-26 09:45:00,1.0767777777777658,,0.7957154039161655,0.6524323796221679,0.5217431904878307,,0.6524323796221679,0.5217431904878307,晴,晴,晴,晴,35.0,30.0,75.0,31.530000000000033,28.36000000000001,71.0
2023-09-26 10:00:00,1.0978888888888922,,0.8279199069945075,0.6779331833713197,0.5333447056491778,,0.6779331833713197,0.5333447056491778,晴,晴,晴,晴,35.0,30.0,75.0,31.530000000000033,28.36000000000001,71.0
2023-09-26 10:15:00,2.044580067189251,,0.8433493589975292,0.6714714125200418,0.5295692204949346,,0.6714714125200418,0.5295692204949346,晴,晴,晴,晴,35.0,30.0,75.0,31.530000000000033,28.36000000000001,71.0
2023-09-26 10:30:00,2.459744444444439,,0.8587788110005509,0.6650096416687641,0.5257937353406914,,0.6650096416687641,0.5257937353406914,晴,晴,晴,晴,35.0,30.0,75.0,31.530000000000033,28.36000000000001,71.0
2023-09-26 10:45:00,4.067211111111116,,0.8742082630035726,0.6585478708174861,0.5220182501864481,,0.6585478708174861,0.5220182501864481,晴,晴,晴,晴,35.0,30.0,75.0,31.530000000000033,28.36000000000001,71.0
2023-09-26 11:00:00,4.513588888888889,,0.8896377150065943,0.6520860999662083,0.5182427650322049,,0.6520860999662083,0.5182427650322049,晴,晴,晴,晴,35.0,30.0,75.0,31.530000000000033,28.36000000000001,71.0
2023-09-26 11:15:00,5.229133333333338,,0.8871279282917651,0.6445093196521392,0.5150159355560942,,0.6445093196521392,0.5150159355560942,晴,晴,晴,晴,35.5,30.75,73.0,32.59250000000004,29.09750000000001,68.5
2023-09-26 11:30:00,4.338488888888911,,0.8846181415769359,0.6369325393380703,0.5117891060799835,,0.6369325393380703,0.5117891060799835,晴,晴,晴,晴,36.0,31.5,71.0,33.65500000000004,29.835000000000004,66.0
2023-09-26 11:45:00,2.387044444444451,,0.8821083548621067,0.6293557590240013,0.5085622766038728,,0.6293557590240013,0.5085622766038728,晴,晴,晴,晴,36.5,32.25,69.0,34.71750000000004,30.5725,63.5
2023-09-26 12:00:00,3.4760555555555683,,0.8795985681472775,0.6217789787099323,0.505335447127762,,0.6217789787099323,0.505335447127762,晴,晴,晴,晴,37.0,33.0,67.0,35.78000000000004,31.31,61.0
2023-09-26 12:15:00,3.799011111111111,,0.8593346412713082,0.6199023088469967,0.4966401400488944,,0.6199023088469967,0.4966401400488944,晴,晴,晴,晴,37.0,33.0,67.0,35.78000000000004,31.31,61.0
2023-09-26 12:30:00,4.757855555555553,,0.8390707143953389,0.618025638984061,0.4879448329700266,,0.618025638984061,0.4879448329700266,晴,晴,晴,晴,37.0,33.0,67.0,35.78000000000004,31.31,61.0
2023-09-26 12:45:00,3.3809568261376888,,0.8188067875193695,0.6161489691211255,0.4792495258911589,,0.6161489691211255,0.4792495258911589,晴,晴,晴,晴,37.0,33.0,67.0,35.78000000000004,31.31,61.0
2023-09-26 13:00:00,2.962247446084004,,0.7985428606434002,0.6142722992581899,0.4705542188122912,,0.6142722992581899,0.4705542188122912,晴,晴,晴,晴,37.0,33.0,67.0,35.78000000000004,31.31,61.0
2023-09-26 13:15:00,4.972066666666667,,0.7620618568355452,0.5813473736279235,0.44862332739073496,,0.5813473736279235,0.44862332739073496,晴,晴,晴,晴,37.0,33.0,67.0,35.78000000000004,31.31,61.0
2023-09-26 13:30:00,4.501566666666661,,0.7255808530276902,0.5484224479976573,0.4266924359691787,,0.5484224479976573,0.4266924359691787,晴,晴,晴,晴,37.0,33.0,67.0,35.78000000000004,31.31,61.0
2023-09-26 13:45:00,4.97595555555555,,0.6890998492198349,0.515497522367391,0.4047615445476225,,0.515497522367391,0.4047615445476225,晴,晴,晴,晴,37.0,33.0,67.0,35.78000000000004,31.31,61.0
2023-09-26 14:00:00,6.110955555555574,,0.65261884541198,0.4825725967371246,0.38283065312606623,,0.4825725967371246,0.38283065312606623,晴,晴,晴,晴,37.0,33.0,67.0,35.78000000000004,31.31,61.0
2023-09-26 14:15:00,5.046300000000003,,0.6028898668224365,0.4434060040867195,0.3532489364552497,,0.4434060040867195,0.3532489364552497,晴,晴,晴,晴,36.75,33.0,67.25,35.91250000000003,31.3375,61.25
2023-09-26 14:30:00,4.0725487646293965,,0.5531608882328931,0.4042394114363144,0.32366721978443314,,0.4042394114363144,0.32366721978443314,晴,晴,晴,晴,36.5,33.0,67.5,36.045000000000016,31.36500000000001,61.5
2023-09-26 14:45:00,3.5711777777777813,,0.5034319096433496,0.3650728187859093,0.2940855031136165,,0.3650728187859093,0.2940855031136165,晴,晴,晴,晴,36.25,33.0,67.75,36.17750000000001,31.39250000000001,61.75
2023-09-26 15:00:00,2.6388888888888866,,0.4537029310538061,0.3259062261355041,0.2645037864428,,0.3259062261355041,0.2645037864428,晴,晴,晴,晴,36.0,33.0,68.0,36.31,31.420000000000016,62.0
2023-09-26 15:15:00,2.7681111111111165,,0.3959498497119977,0.2850896156361376,0.2324853860638797,,0.2850896156361376,0.2324853860638797,晴,晴,晴,晴,36.0,33.0,68.0,36.31,31.420000000000016,62.0
2023-09-26 15:30:00,2.1320888888889,,0.33819676837018925,0.24427300513677114,0.20046698568495935,,0.24427300513677114,0.20046698568495935,晴,晴,晴,晴,36.0,33.0,68.0,36.31,31.420000000000016,62.0
2023-09-26 15:45:00,1.6498659217877032,,0.28044368702838085,0.2034563946374046,0.16844858530603907,,0.2034563946374046,0.16844858530603907,晴,晴,晴,晴,36.0,33.0,68.0,36.31,31.420000000000016,62.0
2023-09-26 16:00:00,1.2088333333333379,,0.2226906056865724,0.16263978413803812,0.13643018492711878,,0.16263978413803812,0.13643018492711878,晴,晴,晴,晴,36.0,33.0,68.0,36.31,31.420000000000016,62.0
2023-09-26 16:15:00,0.8443333333333363,,0.17463675729598588,0.1287488832448324,0.1084563902353353,,0.1287488832448324,0.1084563902353353,晴,晴,晴,晴,36.0,33.0,68.0,36.31,31.420000000000016,62.0
2023-09-26 16:30:00,0.6067555555555539,,0.12658290890539936,0.09485798235162672,0.08048259554355182,,0.09485798235162672,0.08048259554355182,晴,晴,晴,晴,36.0,33.0,68.0,36.31,31.420000000000016,62.0
2023-09-26 16:45:00,0.4923000000000021,,0.07852906051481287,0.060967081458420995,0.052508800851768365,,0.060967081458420995,0.052508800851768365,晴,晴,晴,晴,36.0,33.0,68.0,36.31,31.420000000000016,62.0
2023-09-26 17:00:00,0.3654888888888903,,0.030475212124226363,0.027076180565215286,0.02453500615998489,,0.027076180565215286,0.02453500615998489,晴,晴,晴,晴,36.0,33.0,68.0,36.31,31.420000000000016,62.0
2023-09-26 17:15:00,0.22552222222222126,,0.022856409093169768,0.020307135423911462,0.01840125461998867,,0.020307135423911462,0.01840125461998867,晴,晴,晴,晴,35.75,32.5,69.5,35.92250000000001,31.137500000000014,63.0
2023-09-26 17:30:00,0.07233634311512459,,0.015237606062113182,0.013538090282607643,0.01226750307999245,,0.013538090282607643,0.01226750307999245,晴,晴,晴,晴,35.5,32.0,71.0,35.535000000000025,30.855000000000015,64.0
2023-09-26 17:45:00,0.030000000000000294,,0.007618803031056593,0.0067690451413038215,0.006133751539996225,,0.0067690451413038215,0.006133751539996225,晴,晴,晴,晴,35.25,31.5,72.5,35.147500000000036,30.57250000000002,65.0
2023-09-26 18:00:00,0.030000000000000294,,0.0,0.0,0.0,,0.0,0.0,晴,晴,晴,晴,35.0,31.0,74.0,34.760000000000055,30.29000000000002,66.0
2023-09-26 18:15:00,0.030000000000000294,,0.0,0.0,0.0,,0.0,0.0,晴,晴,晴,晴,35.0,31.0,74.0,34.760000000000055,30.29000000000002,66.0
2023-09-26 18:30:00,0.030000000000000294,,0.0,0.0,0.0,,0.0,0.0,晴,晴,晴,晴,35.0,31.0,74.0,34.760000000000055,30.29000000000002,66.0
2023-09-26 18:45:00,0.030000000000000294,,0.0,0.0,0.0,,0.0,0.0,晴,晴,晴,晴,35.0,31.0,74.0,34.760000000000055,30.29000000000002,66.0
2023-09-26 19:00:00,0.029926470588235506,,0.0,0.0,0.0,,0.0,0.0,晴,晴,晴,晴,35.0,31.0,74.0,34.760000000000055,30.29000000000002,66.0
2023-09-26 19:15:00,0.030000000000000294,,0.0,0.0,0.0,,0.0,0.0,晴,晴,晴,晴,35.0,31.0,74.0,34.760000000000055,30.29000000000002,66.0
2023-09-26 19:30:00,0.030000000000000294,,0.0,0.0,0.0,,0.0,0.0,晴,晴,晴,晴,35.0,31.0,74.0,34.760000000000055,30.29000000000002,66.0
2023-09-26 19:45:00,0.030000000000000294,,0.0,0.0,0.0,,0.0,0.0,晴,晴,晴,晴,35.0,31.0,74.0,34.760000000000055,30.29000000000002,66.0
2023-09-26 20:00:00,0.030000000000000013,,0.0,0.0,0.0,,0.0,0.0,晴,晴,晴,晴,35.0,31.0,74.0,34.760000000000055,30.29000000000002,66.0
2023-09-26 20:15:00,,,0.0,0.0,0.0,,0.0,0.0,晴,晴,晴,晴,34.75,30.5,76.0,34.190000000000055,29.960000000000022,66.75
2023-09-26 20:30:00,,,0.0,0.0,0.0,,0.0,0.0,晴,晴,晴,晴,34.5,30.0,78.0,33.62000000000003,29.630000000000035,67.5
2023-09-26 20:45:00,,,0.0,0.0,0.0,,0.0,0.0,晴,晴,晴,晴,34.25,29.5,80.0,33.050000000000026,29.300000000000033,68.25
2023-09-26 21:00:00,,,0.0,0.0,0.0,,0.0,0.0,晴,晴,晴,晴,34.0,29.0,82.0,32.48000000000002,28.970000000000034,69.0
2023-09-26 21:15:00,,,0.0,0.0,0.0,,0.0,0.0,晴,晴,晴,晴,34.0,29.0,82.0,32.48000000000002,28.970000000000034,69.0
2023-09-26 21:30:00,,,0.0,0.0,0.0,,0.0,0.0,晴,晴,晴,晴,34.0,29.0,82.0,32.48000000000002,28.970000000000034,69.0
2023-09-26 21:45:00,,,0.0,0.0,0.0,,0.0,0.0,晴,晴,晴,晴,34.0,29.0,82.0,32.48000000000002,28.970000000000034,69.0
2023-09-26 22:00:00,,,0.0,0.0,0.0,,0.0,0.0,晴,晴,晴,晴,34.0,29.0,82.0,32.48000000000002,28.970000000000034,69.0
2023-09-26 22:15:00,,,0.0,0.0,0.0,,0.0,0.0,晴,晴,晴,晴,34.0,29.0,82.0,32.48000000000002,28.970000000000034,69.0
2023-09-26 22:30:00,,,0.0,0.0,0.0,,0.0,0.0,晴,晴,晴,晴,34.0,29.0,82.0,32.48000000000002,28.970000000000034,69.0
2023-09-26 22:45:00,,,0.0,0.0,0.0,,0.0,0.0,晴,晴,晴,晴,34.0,29.0,82.0,32.48000000000002,28.970000000000034,69.0
2023-09-26 23:00:00,,,0.0,0.0,0.0,,0.0,0.0,晴,晴,晴,晴,34.0,29.0,82.0,32.48000000000002,28.970000000000034,69.0
2023-09-26 23:15:00,,,0.0,0.0,0.0,,0.0,0.0,晴,晴,晴,晴,33.75,29.0,82.5,32.15750000000001,28.692500000000035,70.75
2023-09-26 23:30:00,,,0.0,0.0,0.0,,0.0,0.0,晴,晴,晴,晴,33.5,29.0,83.0,31.835000000000008,28.41500000000002,72.5
2023-09-26 23:45:00,,,0.0,0.0,0.0,,0.0,0.0,晴,晴,晴,晴,33.25,29.0,83.5,31.51250000000001,28.137500000000014,74.25
2023-09-27 00:00:00,,,0.0,0.0,0.0,,0.0,0.0,晴,晴,晴,晴,33.0,29.0,84.0,31.19,27.86000000000001,76.0
2023-09-27 00:15:00,,,0.0,0.0,0.0,,0.0,0.0,晴,晴,晴,晴,33.0,29.0,84.0,31.19,27.86000000000001,76.0
2023-09-27 00:30:00,,,0.0,0.0,0.0,,0.0,0.0,晴,晴,晴,晴,33.0,29.0,84.0,31.19,27.86000000000001,76.0
2023-09-27 00:45:00,,,0.0,0.0,0.0,,0.0,0.0,晴,晴,晴,晴,33.0,29.0,84.0,31.19,27.86000000000001,76.0
2023-09-27 01:00:00,,,0.0,0.0,0.0,,0.0,0.0,晴,晴,晴,晴,33.0,29.0,84.0,31.19,27.86000000000001,76.0
2023-09-27 01:15:00,,,0.0,0.0,0.0,,0.0,0.0,晴,晴,晴,晴,33.0,29.0,84.0,31.19,27.86000000000001,76.0
2023-09-27 01:30:00,,,0.0,0.0,0.0,,0.0,0.0,晴,晴,晴,晴,33.0,29.0,84.0,31.19,27.86000000000001,76.0
2023-09-27 01:45:00,,,0.0,0.0,0.0,,0.0,0.0,晴,晴,晴,晴,33.0,29.0,84.0,31.19,27.86000000000001,76.0
2023-09-27 02:00:00,,,0.0,0.0,0.0,,0.0,0.0,晴,晴,晴,晴,33.0,29.0,84.0,31.19,27.86000000000001,76.0
2023-09-27 02:15:00,,,0.0,0.0,0.0,,0.0,0.0,晴,晴,晴,晴,33.0,28.75,85.0,31.14500000000001,27.825000000000014,76.25
2023-09-27 02:30:00,,,0.0,0.0,0.0,,0.0,0.0,晴,晴,晴,晴,33.0,28.5,86.0,31.100000000000023,27.79000000000002,76.5
2023-09-27 02:45:00,,,0.0,0.0,0.0,,0.0,0.0,晴,晴,晴,晴,33.0,28.25,87.0,31.05500000000004,27.755000000000035,76.75
2023-09-27 03:00:00,,,0.0,0.0,0.0,,0.0,0.0,晴,晴,晴,晴,33.0,28.0,88.0,31.01000000000005,27.720000000000034,77.0
2023-09-27 03:15:00,,,0.0,0.0,0.0,,0.0,0.0,晴,晴,晴,晴,33.0,28.0,88.0,31.01000000000005,27.720000000000034,77.0
2023-09-27 03:30:00,,,0.0,0.0,0.0,,0.0,0.0,晴,晴,晴,晴,33.0,28.0,88.0,31.01000000000005,27.720000000000034,77.0
2023-09-27 03:45:00,,,0.0,0.0,0.0,,0.0,0.0,晴,晴,晴,晴,33.0,28.0,88.0,31.01000000000005,27.720000000000034,77.0
2023-09-27 04:00:00,,,0.0,0.0,0.0,,0.0,0.0,晴,晴,晴,晴,33.0,28.0,88.0,31.01000000000005,27.720000000000034,77.0
2023-09-27 04:15:00,,,1.0562812799042367e-05,0.00014702402619209664,0.00017138530896502124,,0.00014702402619209664,0.00017138530896502124,晴,晴,晴,晴,33.0,28.0,88.0,31.01000000000005,27.720000000000034,77.0
2023-09-27 04:30:00,,,2.112562559808473e-05,0.00029404805238419327,0.0003427706179300425,,0.00029404805238419327,0.0003427706179300425,晴,晴,晴,晴,33.0,28.0,88.0,31.01000000000005,27.720000000000034,77.0
2023-09-27 04:45:00,,,3.16884383971271e-05,0.00044107207857628993,0.0005141559268950637,,0.00044107207857628993,0.0005141559268950637,晴,晴,晴,晴,33.0,28.0,88.0,31.01000000000005,27.720000000000034,77.0
2023-09-27 05:00:00,,,4.225125119616947e-05,0.0005880961047683865,0.000685541235860085,,0.0005880961047683865,0.000685541235860085,晴,晴,晴,晴,33.0,28.0,88.0,31.01000000000005,27.720000000000034,77.0
2023-09-27 05:15:00,,,0.01710256860502888,0.015929457067056122,0.013775916684210372,,0.015929457067056122,0.013775916684210372,晴,晴,晴,晴,33.0,27.75,87.5,29.912500000000037,27.445000000000032,76.5
2023-09-27 05:30:00,,,0.034162885958861584,0.03127081802934385,0.02686629213256066,,0.03127081802934385,0.02686629213256066,晴,晴,晴,晴,33.0,27.5,87.0,28.815000000000023,27.17000000000002,76.0
2023-09-27 05:45:00,,,0.0512232033126943,0.04661217899163159,0.03995666758091095,,0.04661217899163159,0.03995666758091095,晴,晴,晴,晴,33.0,27.25,86.5,27.71750000000001,26.89500000000001,75.5
2023-09-27 06:00:00,,,0.06828352066652701,0.06195353995391933,0.053047043029261234,,0.06195353995391933,0.053047043029261234,晴,晴,晴,晴,33.0,27.0,86.0,26.620000000000005,26.620000000000005,75.0
2023-09-27 06:15:00,,,0.12308637827736345,0.10105705578220546,0.08468503537043619,,0.10105705578220546,0.08468503537043619,晴,晴,晴,晴,33.0,27.0,86.0,26.620000000000005,26.620000000000005,75.0
2023-09-27 06:30:00,,,0.17788923588819988,0.1401605716104916,0.11632302771161115,,0.1401605716104916,0.11632302771161115,晴,晴,晴,晴,33.0,27.0,86.0,26.620000000000005,26.620000000000005,75.0
2023-09-27 06:45:00,,,0.2326920934990363,0.17926408743877775,0.1479610200527861,,0.17926408743877775,0.1479610200527861,晴,晴,晴,晴,33.0,27.0,86.0,26.620000000000005,26.620000000000005,75.0
2023-09-27 07:00:00,,,0.2874949511098727,0.21836760326706384,0.17959901239396106,,0.21836760326706384,0.17959901239396106,晴,晴,晴,晴,33.0,27.0,86.0,26.620000000000005,26.620000000000005,75.0
2023-09-27 07:15:00,,,0.3437566530404947,0.2659602655642891,0.2269851604556022,,0.2659602655642891,0.2269851604556022,晴,晴,晴,晴,33.0,27.0,86.0,26.620000000000005,26.620000000000005,75.0
2023-09-27 07:30:00,,,0.4000183549711166,0.3135529278615143,0.2743713085172433,,0.3135529278615143,0.2743713085172433,晴,晴,晴,晴,33.0,27.0,86.0,26.620000000000005,26.620000000000005,75.0
2023-09-27 07:45:00,,,0.4562800569017386,0.3611455901587395,0.32175745657888444,,0.3611455901587395,0.32175745657888444,晴,晴,晴,晴,33.0,27.0,86.0,26.620000000000005,26.620000000000005,75.0
2023-09-27 08:00:00,,,0.5125417588323605,0.4087382524559647,0.3691436046405256,,0.4087382524559647,0.3691436046405256,晴,晴,晴,晴,33.0,27.0,86.0,26.620000000000005,26.620000000000005,75.0
2023-09-27 08:15:00,,,0.5589214330004789,0.4503216933773169,0.39841101885557495,,0.4503216933773169,0.39841101885557495,晴,晴,晴,晴,33.75,27.75,83.25,27.807500000000005,27.112500000000008,73.0
2023-09-27 08:30:00,,,0.6053011071685974,0.4919051342986691,0.4276784330706244,,0.4919051342986691,0.4276784330706244,晴,晴,晴,晴,34.5,28.5,80.5,28.995000000000005,27.605000000000015,71.0
2023-09-27 08:45:00,,,0.6516807813367158,0.5334885752200212,0.4569458472856738,,0.5334885752200212,0.4569458472856738,晴,晴,晴,晴,35.25,29.25,77.75,30.182500000000005,28.097500000000025,69.0
2023-09-27 09:00:00,,,0.6980604555048343,0.5750720161413735,0.4862132615007233,,0.5750720161413735,0.4862132615007233,晴,晴,晴,晴,36.0,30.0,75.0,31.370000000000005,28.590000000000032,67.0
2023-09-27 09:15:00,,,0.7301906277499325,0.6005132501800992,0.4977805153606166,,0.6005132501800992,0.4977805153606166,晴,晴,晴,晴,36.0,30.0,75.0,31.370000000000005,28.590000000000032,67.0
2023-09-27 09:30:00,,,0.7623207999950306,0.6259544842188247,0.5093477692205098,,0.6259544842188247,0.5093477692205098,晴,晴,晴,晴,36.0,30.0,75.0,31.370000000000005,28.590000000000032,67.0
2023-09-27 09:45:00,,,0.7944509722401287,0.6513957182575503,0.5209150230804032,,0.6513957182575503,0.5209150230804032,晴,晴,晴,晴,36.0,30.0,75.0,31.370000000000005,28.590000000000032,67.0
2023-09-27 10:00:00,,,0.8265811444852269,0.6768369522962759,0.5324822769402965,,0.6768369522962759,0.5324822769402965,晴,晴,晴,晴,36.0,30.0,75.0,31.370000000000005,28.590000000000032,67.0
2023-09-27 10:15:00,,,0.8419170080156686,0.6703353194650342,0.5286729125249248,,0.6703353194650342,0.5286729125249248,晴,晴,晴,晴,36.0,30.0,75.0,31.370000000000005,28.590000000000032,67.0
2023-09-27 10:30:00,,,0.8572528715461103,0.6638336866337926,0.524863548109553,,0.6638336866337926,0.524863548109553,晴,晴,晴,晴,36.0,30.0,75.0,31.370000000000005,28.590000000000032,67.0
2023-09-27 10:45:00,,,0.8725887350765519,0.6573320538025509,0.5210541836941813,,0.6573320538025509,0.5210541836941813,晴,晴,晴,晴,36.0,30.0,75.0,31.370000000000005,28.590000000000032,67.0
2023-09-27 11:00:00,,,0.8879245986069936,0.6508304209713092,0.5172448192788096,,0.6508304209713092,0.5172448192788096,晴,晴,晴,晴,36.0,30.0,75.0,31.370000000000005,28.590000000000032,67.0
2023-09-27 11:15:00,,,0.8853093671034462,0.6431902766012889,0.5139608481840401,,0.6431902766012889,0.5139608481840401,晴,晴,晴,晴,36.5,30.75,72.75,32.46750000000001,29.297500000000035,65.25
2023-09-27 11:30:00,,,0.8826941355998988,0.6355501322312687,0.5106768770892705,,0.6355501322312687,0.5106768770892705,晴,晴,晴,晴,37.0,31.5,70.5,33.565000000000026,30.005000000000024,63.5
2023-09-27 11:45:00,,,0.8800789040963515,0.6279099878612483,0.5073929059945009,,0.6279099878612483,0.5073929059945009,晴,晴,晴,晴,37.5,32.25,68.25,34.66250000000004,30.71250000000002,61.75
2023-09-27 12:00:00,,,0.8774636725928041,0.620269843491228,0.5041089348997314,,0.620269843491228,0.5041089348997314,晴,晴,晴,晴,38.0,33.0,66.0,35.76000000000005,31.420000000000016,60.0
2023-09-27 12:15:00,,,0.857090355763104,0.6182757475831975,0.4953412907069222,,0.6182757475831975,0.4953412907069222,晴,晴,晴,晴,38.0,33.0,66.0,35.76000000000005,31.420000000000016,60.0
2023-09-27 12:30:00,,,0.8367170389334038,0.616281651675167,0.486573646514113,,0.616281651675167,0.486573646514113,晴,晴,晴,晴,38.0,33.0,66.0,35.76000000000005,31.420000000000016,60.0
2023-09-27 12:45:00,,,0.8163437221037037,0.6142875557671366,0.4778060023213037,,0.6142875557671366,0.4778060023213037,晴,晴,晴,晴,38.0,33.0,66.0,35.76000000000005,31.420000000000016,60.0
2023-09-27 13:00:00,,,0.7959704052740035,0.612293459859106,0.4690383581284944,,0.612293459859106,0.4690383581284944,晴,晴,晴,晴,38.0,33.0,66.0,35.76000000000005,31.420000000000016,60.0
2023-09-27 13:15:00,,,0.7593846505322343,0.5793102428135892,0.4470477293139641,,0.5793102428135892,0.4470477293139641,晴,晴,晴,晴,38.0,33.0,66.0,35.76000000000005,31.420000000000016,60.0
2023-09-27 13:30:00,,,0.7227988957904651,0.5463270257680725,0.4250571004994338,,0.5463270257680725,0.4250571004994338,晴,晴,晴,晴,38.0,33.0,66.0,35.76000000000005,31.420000000000016,60.0
2023-09-27 13:45:00,,,0.6862131410486958,0.5133438087225557,0.40306647168490345,,0.5133438087225557,0.40306647168490345,晴,晴,晴,晴,38.0,33.0,66.0,35.76000000000005,31.420000000000016,60.0
2023-09-27 14:00:00,,,0.6496273863069265,0.4803605916770389,0.3810758428703731,,0.4803605916770389,0.3810758428703731,晴,晴,晴,晴,38.0,33.0,66.0,35.76000000000005,31.420000000000016,60.0
2023-09-27 14:15:00,,,0.5998099921458386,0.4411462790851329,0.35144528657809193,,0.4411462790851329,0.35144528657809193,晴,晴,晴,晴,38.0,33.0,66.5,35.93250000000005,31.497500000000013,60.0
2023-09-27 14:30:00,,,0.5499925979847506,0.4019319664932269,0.3218147302858108,,0.4019319664932269,0.3218147302858108,晴,晴,晴,晴,38.0,33.0,67.0,36.10500000000005,31.575000000000014,60.0
2023-09-27 14:45:00,,,0.5001752038236628,0.36271765390132105,0.2921841739935296,,0.36271765390132105,0.2921841739935296,晴,晴,晴,晴,38.0,33.0,67.5,36.277500000000046,31.65250000000001,60.0
2023-09-27 15:00:00,,,0.4503578096625749,0.32350334130941505,0.2625536177012484,,0.32350334130941505,0.2625536177012484,晴,晴,晴,晴,38.0,33.0,68.0,36.450000000000045,31.73000000000001,60.0
2023-09-27 15:15:00,,,0.3925737142949791,0.28265403252736176,0.23049141634031556,,0.28265403252736176,0.23049141634031556,晴,晴,晴,晴,38.0,33.0,68.0,36.450000000000045,31.73000000000001,60.0
2023-09-27 15:30:00,,,0.3347896189273833,0.24180472374530845,0.19842921497938265,,0.24180472374530845,0.19842921497938265,晴,晴,晴,晴,38.0,33.0,68.0,36.450000000000045,31.73000000000001,60.0
2023-09-27 15:45:00,,,0.27700552355978764,0.20095541496325514,0.16636701361844974,,0.20095541496325514,0.16636701361844974,晴,晴,晴,晴,38.0,33.0,68.0,36.450000000000045,31.73000000000001,60.0
2023-09-27 16:00:00,,,0.21922142819219187,0.16010610618120186,0.1343048122575169,,0.16010610618120186,0.1343048122575169,晴,晴,晴,晴,38.0,33.0,68.0,36.450000000000045,31.73000000000001,60.0
2023-09-27 16:15:00,,,0.17163124902686652,0.1264900176786753,0.10653740990226417,,0.1264900176786753,0.10653740990226417,晴,晴,晴,晴,38.0,33.0,68.0,36.450000000000045,31.73000000000001,60.0
2023-09-27 16:30:00,,,0.1240410698615412,0.09287392917614874,0.07877000754701144,,0.09287392917614874,0.07877000754701144,晴,晴,晴,晴,38.0,33.0,68.0,36.450000000000045,31.73000000000001,60.0
2023-09-27 16:45:00,,,0.07645089069621586,0.059257840673622185,0.0510026051917587,,0.059257840673622185,0.0510026051917587,晴,晴,晴,晴,38.0,33.0,68.0,36.450000000000045,31.73000000000001,60.0
2023-09-27 17:00:00,,,0.0288607115308905,0.025641752171095652,0.02323520283650597,,0.025641752171095652,0.02323520283650597,晴,晴,晴,晴,38.0,33.0,68.0,36.450000000000045,31.73000000000001,60.0
2023-09-27 17:15:00,,,0.021645533648167875,0.01923131412832174,0.017426402127379476,,0.01923131412832174,0.017426402127379476,晴,晴,晴,晴,37.5,32.5,69.0,35.84500000000004,31.21500000000001,62.25
2023-09-27 17:30:00,,,0.01443035576544525,0.012820876085547828,0.011617601418252984,,0.012820876085547828,0.011617601418252984,晴,晴,晴,晴,37.0,32.0,70.0,35.24000000000004,30.700000000000014,64.5
2023-09-27 17:45:00,,,0.007215177882722624,0.006410438042773914,0.005808800709126493,,0.006410438042773914,0.005808800709126493,晴,晴,晴,晴,36.5,31.5,71.0,34.63500000000004,30.185000000000013,66.75
2023-09-27 18:00:00,,,0.0,0.0,0.0,,0.0,0.0,晴,晴,晴,晴,36.0,31.0,72.0,34.03000000000004,29.670000000000016,69.0
2023-09-27 18:15:00,,,0.0,0.0,0.0,,0.0,0.0,晴,晴,晴,晴,36.0,31.0,72.0,34.03000000000004,29.670000000000016,69.0
2023-09-27 18:30:00,,,0.0,0.0,0.0,,0.0,0.0,晴,晴,晴,晴,36.0,31.0,72.0,34.03000000000004,29.670000000000016,69.0
2023-09-27 18:45:00,,,0.0,0.0,0.0,,0.0,0.0,晴,晴,晴,晴,36.0,31.0,72.0,34.03000000000004,29.670000000000016,69.0
2023-09-27 19:00:00,,,0.0,0.0,0.0,,0.0,0.0,晴,晴,晴,晴,36.0,31.0,72.0,34.03000000000004,29.670000000000016,69.0
2023-09-27 19:15:00,,,0.0,0.0,0.0,,0.0,0.0,晴,晴,晴,晴,36.0,31.0,72.0,34.03000000000004,29.670000000000016,69.0
2023-09-27 19:30:00,,,0.0,0.0,0.0,,0.0,0.0,晴,晴,晴,晴,36.0,31.0,72.0,34.03000000000004,29.670000000000016,69.0
2023-09-27 19:45:00,,,0.0,0.0,0.0,,0.0,0.0,晴,晴,晴,晴,36.0,31.0,72.0,34.03000000000004,29.670000000000016,69.0
2023-09-27 20:00:00,,,0.0,0.0,0.0,,0.0,0.0,晴,晴,晴,晴,36.0,31.0,72.0,34.03000000000004,29.670000000000016,69.0
2023-09-27 20:15:00,,,0.0,0.0,0.0,,0.0,0.0,晴,晴,晴,晴,35.5,30.5,73.0,33.602500000000035,29.41500000000002,69.75
2023-09-27 20:30:00,,,0.0,0.0,0.0,,0.0,0.0,晴,晴,晴,晴,35.0,30.0,74.0,33.17500000000004,29.160000000000025,70.5
2023-09-27 20:45:00,,,0.0,0.0,0.0,,0.0,0.0,晴,晴,晴,晴,34.5,29.5,75.0,32.747500000000045,28.905000000000033,71.25
2023-09-27 21:00:00,,,0.0,0.0,0.0,,0.0,0.0,晴,晴,晴,晴,34.0,29.0,76.0,32.32000000000005,28.650000000000034,72.0
2023-09-27 21:15:00,,,0.0,0.0,0.0,,0.0,0.0,晴,晴,晴,晴,34.0,29.0,76.0,32.32000000000005,28.650000000000034,72.0
2023-09-27 21:30:00,,,0.0,0.0,0.0,,0.0,0.0,晴,晴,晴,晴,34.0,29.0,76.0,32.32000000000005,28.650000000000034,72.0
2023-09-27 21:45:00,,,0.0,0.0,0.0,,0.0,0.0,晴,晴,晴,晴,34.0,29.0,76.0,32.32000000000005,28.650000000000034,72.0
2023-09-27 22:00:00,,,0.0,0.0,0.0,,0.0,0.0,晴,晴,晴,晴,34.0,29.0,76.0,32.32000000000005,28.650000000000034,72.0
2023-09-27 22:15:00,,,0.0,0.0,0.0,,0.0,0.0,晴,晴,晴,晴,34.0,29.0,76.0,32.32000000000005,28.650000000000034,72.0
2023-09-27 22:30:00,,,0.0,0.0,0.0,,0.0,0.0,晴,晴,晴,晴,34.0,29.0,76.0,32.32000000000005,28.650000000000034,72.0
2023-09-27 22:45:00,,,0.0,0.0,0.0,,0.0,0.0,晴,晴,晴,晴,34.0,29.0,76.0,32.32000000000005,28.650000000000034,72.0
2023-09-27 23:00:00,,,0.0,0.0,0.0,,0.0,0.0,晴,晴,晴,晴,34.0,29.0,76.0,32.32000000000005,28.650000000000034,72.0
2023-09-27 23:15:00,,,,,,,,,晴,晴,晴,晴,34.0,29.0,78.25,32.140000000000036,28.515000000000033,72.75
2023-09-27 23:30:00,,,,,,,,,晴,晴,晴,晴,34.0,29.0,80.5,31.960000000000036,28.380000000000024,73.5
2023-09-27 23:45:00,,,,,,,,,晴,晴,晴,晴,34.0,29.0,82.75,31.780000000000033,28.245000000000008,74.25
2023-09-28 00:00:00,,,,,,,,,,,,,34.0,29.0,85.0,31.600000000000023,28.11000000000001,75.0
2023-09-28 00:15:00,,,,,,,,,,,,,34.0,29.0,85.0,31.600000000000023,28.11000000000001,75.0
2023-09-28 00:30:00,,,,,,,,,,,,,34.0,29.0,85.0,31.600000000000023,28.11000000000001,75.0
2023-09-28 00:45:00,,,,,,,,,,,,,34.0,29.0,85.0,31.600000000000023,28.11000000000001,75.0
2023-09-28 01:00:00,,,,,,,,,,,,,34.0,29.0,85.0,31.600000000000023,28.11000000000001,75.0
2023-09-28 01:15:00,,,,,,,,,,,,,34.0,29.0,85.0,31.600000000000023,28.11000000000001,75.0
2023-09-28 01:30:00,,,,,,,,,,,,,34.0,29.0,85.0,31.600000000000023,28.11000000000001,75.0
2023-09-28 01:45:00,,,,,,,,,,,,,34.0,29.0,85.0,31.600000000000023,28.11000000000001,75.0
2023-09-28 02:00:00,,,,,,,,,,,,,34.0,29.0,85.0,31.600000000000023,28.11000000000001,75.0
2023-09-28 02:15:00,,,,,,,,,,,,,33.75,28.75,85.75,31.160000000000025,27.89000000000001,75.25
2023-09-28 02:30:00,,,,,,,,,,,,,33.5,28.5,86.5,30.720000000000034,27.67000000000001,75.5
2023-09-28 02:45:00,,,,,,,,,,,,,33.25,28.25,87.25,30.280000000000033,27.45000000000001,75.75
2023-09-28 03:00:00,,,,,,,,,,,,,33.0,28.0,88.0,29.840000000000032,27.23000000000001,76.0
2023-09-28 03:15:00,,,,,,,,,,,,,33.0,28.0,88.0,29.840000000000032,27.23000000000001,76.0
2023-09-28 03:30:00,,,,,,,,,,,,,33.0,28.0,88.0,29.840000000000032,27.23000000000001,76.0
2023-09-28 03:45:00,,,,,,,,,,,,,33.0,28.0,88.0,29.840000000000032,27.23000000000001,76.0
2023-09-28 04:00:00,,,,,,,,,,,,,33.0,28.0,88.0,29.840000000000032,27.23000000000001,76.0
2023-09-28 04:15:00,,,,,,,,,,,,,33.0,28.0,88.0,29.840000000000032,27.23000000000001,76.0
2023-09-28 04:30:00,,,,,,,,,,,,,33.0,28.0,88.0,29.840000000000032,27.23000000000001,76.0
2023-09-28 04:45:00,,,,,,,,,,,,,33.0,28.0,88.0,29.840000000000032,27.23000000000001,76.0
2023-09-28 05:00:00,,,,,,,,,,,,,33.0,28.0,88.0,29.840000000000032,27.23000000000001,76.0
2023-09-28 05:15:00,,,,,,,,,,,,,,,,28.952500000000033,26.995000000000008,75.5
2023-09-28 05:30:00,,,,,,,,,,,,,,,,28.065000000000023,26.76000000000002,75.0
2023-09-28 05:45:00,,,,,,,,,,,,,,,,27.177500000000023,26.52500000000002,74.5
2023-09-28 06:00:00,,,,,,,,,,,,,,,,26.29000000000002,26.29000000000002,74.0
2023-09-28 06:15:00,,,,,,,,,,,,,,,,26.29000000000002,26.29000000000002,74.0
2023-09-28 06:30:00,,,,,,,,,,,,,,,,26.29000000000002,26.29000000000002,74.0
2023-09-28 06:45:00,,,,,,,,,,,,,,,,26.29000000000002,26.29000000000002,74.0
2023-09-28 07:00:00,,,,,,,,,,,,,,,,26.29000000000002,26.29000000000002,74.0
2023-09-28 07:15:00,,,,,,,,,,,,,,,,26.29000000000002,26.29000000000002,74.0
2023-09-28 07:30:00,,,,,,,,,,,,,,,,26.29000000000002,26.29000000000002,74.0
2023-09-28 07:45:00,,,,,,,,,,,,,,,,26.29000000000002,26.29000000000002,74.0
2023-09-28 08:00:00,,,,,,,,,,,,,,,,26.29000000000002,26.29000000000002,74.0
2023-09-28 08:15:00,,,,,,,,,,,,,,,,27.480000000000015,26.862500000000026,71.75
2023-09-28 08:30:00,,,,,,,,,,,,,,,,28.670000000000016,27.435000000000034,69.5
2023-09-28 08:45:00,,,,,,,,,,,,,,,,29.86000000000001,28.007500000000032,67.25
2023-09-28 09:00:00,,,,,,,,,,,,,,,,31.050000000000008,28.580000000000037,65.0
2023-09-28 09:15:00,,,,,,,,,,,,,,,,31.050000000000008,28.580000000000037,65.0
2023-09-28 09:30:00,,,,,,,,,,,,,,,,31.050000000000008,28.580000000000037,65.0
2023-09-28 09:45:00,,,,,,,,,,,,,,,,31.050000000000008,28.580000000000037,65.0
2023-09-28 10:00:00,,,,,,,,,,,,,,,,31.050000000000008,28.580000000000037,65.0
2023-09-28 10:15:00,,,,,,,,,,,,,,,,31.050000000000008,28.580000000000037,65.0
2023-09-28 10:30:00,,,,,,,,,,,,,,,,31.050000000000008,28.580000000000037,65.0
2023-09-28 10:45:00,,,,,,,,,,,,,,,,31.050000000000008,28.580000000000037,65.0
2023-09-28 11:00:00,,,,,,,,,,,,,,,,31.050000000000008,28.580000000000037,65.0
2023-09-28 11:15:00,,,,,,,,,,,,,,,,32.170000000000016,29.295000000000034,63.5
2023-09-28 11:30:00,,,,,,,,,,,,,,,,33.29000000000002,30.01000000000002,62.0
2023-09-28 11:45:00,,,,,,,,,,,,,,,,34.41000000000003,30.72500000000001,60.5
2023-09-28 12:00:00,,,,,,,,,,,,,,,,35.53000000000004,31.44,59.0
2023-09-28 12:15:00,,,,,,,,,,,,,,,,35.53000000000004,31.44,59.0
2023-09-28 12:30:00,,,,,,,,,,,,,,,,35.53000000000004,31.44,59.0
2023-09-28 12:45:00,,,,,,,,,,,,,,,,35.53000000000004,31.44,59.0
2023-09-28 13:00:00,,,,,,,,,,,,,,,,35.53000000000004,31.44,59.0
2023-09-28 13:15:00,,,,,,,,,,,,,,,,35.53000000000004,31.44,59.0
2023-09-28 13:30:00,,,,,,,,,,,,,,,,35.53000000000004,31.44,59.0
2023-09-28 13:45:00,,,,,,,,,,,,,,,,35.53000000000004,31.44,59.0
2023-09-28 14:00:00,,,,,,,,,,,,,,,,35.53000000000004,31.44,59.0
2023-09-28 14:15:00,,,,,,,,,,,,,,,,35.57500000000004,31.40000000000001,59.5
2023-09-28 14:30:00,,,,,,,,,,,,,,,,35.62000000000003,31.360000000000014,60.0
2023-09-28 14:45:00,,,,,,,,,,,,,,,,35.665000000000035,31.320000000000025,60.5
2023-09-28 15:00:00,,,,,,,,,,,,,,,,35.710000000000036,31.280000000000033,61.0
2023-09-28 15:15:00,,,,,,,,,,,,,,,,35.710000000000036,31.280000000000033,61.0
2023-09-28 15:30:00,,,,,,,,,,,,,,,,35.710000000000036,31.280000000000033,61.0
2023-09-28 15:45:00,,,,,,,,,,,,,,,,35.710000000000036,31.280000000000033,61.0
2023-09-28 16:00:00,,,,,,,,,,,,,,,,35.710000000000036,31.280000000000033,61.0
2023-09-28 16:15:00,,,,,,,,,,,,,,,,35.710000000000036,31.280000000000033,61.0
2023-09-28 16:30:00,,,,,,,,,,,,,,,,35.710000000000036,31.280000000000033,61.0
2023-09-28 16:45:00,,,,,,,,,,,,,,,,35.710000000000036,31.280000000000033,61.0
2023-09-28 17:00:00,,,,,,,,,,,,,,,,35.710000000000036,31.280000000000033,61.0
2023-09-28 17:15:00,,,,,,,,,,,,,,,,35.35500000000003,30.882500000000025,63.25
2023-09-28 17:30:00,,,,,,,,,,,,,,,,35.000000000000036,30.485000000000014,65.5
2023-09-28 17:45:00,,,,,,,,,,,,,,,,34.645000000000024,30.08750000000001,67.75
2023-09-28 18:00:00,,,,,,,,,,,,,,,,34.29000000000002,29.69,70.0
2023-09-28 18:15:00,,,,,,,,,,,,,,,,34.29000000000002,29.69,70.0
2023-09-28 18:30:00,,,,,,,,,,,,,,,,34.29000000000002,29.69,70.0
2023-09-28 18:45:00,,,,,,,,,,,,,,,,34.29000000000002,29.69,70.0
2023-09-28 19:00:00,,,,,,,,,,,,,,,,34.29000000000002,29.69,70.0
2023-09-28 19:15:00,,,,,,,,,,,,,,,,34.29000000000002,29.69,70.0
2023-09-28 19:30:00,,,,,,,,,,,,,,,,34.29000000000002,29.69,70.0
2023-09-28 19:45:00,,,,,,,,,,,,,,,,34.29000000000002,29.69,70.0
2023-09-28 20:00:00,,,,,,,,,,,,,,,,34.29000000000002,29.69,70.0
2023-09-28 20:15:00,,,,,,,,,,,,,,,,33.77750000000002,29.36500000000001,71.25
2023-09-28 20:30:00,,,,,,,,,,,,,,,,33.26500000000001,29.040000000000024,72.5
2023-09-28 20:45:00,,,,,,,,,,,,,,,,32.75250000000001,28.715000000000032,73.75
2023-09-28 21:00:00,,,,,,,,,,,,,,,,32.24000000000001,28.390000000000054,75.0
2023-09-28 21:15:00,,,,,,,,,,,,,,,,32.24000000000001,28.390000000000054,75.0
2023-09-28 21:30:00,,,,,,,,,,,,,,,,32.24000000000001,28.390000000000054,75.0
2023-09-28 21:45:00,,,,,,,,,,,,,,,,32.24000000000001,28.390000000000054,75.0
2023-09-28 22:00:00,,,,,,,,,,,,,,,,32.24000000000001,28.390000000000054,75.0
2023-09-28 22:15:00,,,,,,,,,,,,,,,,32.24000000000001,28.390000000000054,75.0
2023-09-28 22:30:00,,,,,,,,,,,,,,,,32.24000000000001,28.390000000000054,75.0
2023-09-28 22:45:00,,,,,,,,,,,,,,,,32.24000000000001,28.390000000000054,75.0
2023-09-28 23:00:00,,,,,,,,,,,,,,,,32.24000000000001,28.390000000000054,75.0
2023-09-28 23:15:00,,,,,,,,,,,,,,,,31.95500000000001,28.247500000000052,75.25
2023-09-28 23:30:00,,,,,,,,,,,,,,,,31.670000000000016,28.105000000000054,75.5
2023-09-28 23:45:00,,,,,,,,,,,,,,,,31.38500000000002,27.962500000000052,75.75
2023-09-29 00:00:00,,,,,,,,,,,,,,,,31.100000000000023,27.820000000000054,76.0
2023-09-29 00:15:00,,,,,,,,,,,,,,,,31.100000000000023,27.820000000000054,76.0
2023-09-29 00:30:00,,,,,,,,,,,,,,,,31.100000000000023,27.820000000000054,76.0
2023-09-29 00:45:00,,,,,,,,,,,,,,,,31.100000000000023,27.820000000000054,76.0
2023-09-29 01:00:00,,,,,,,,,,,,,,,,31.100000000000023,27.820000000000054,76.0
2023-09-29 01:15:00,,,,,,,,,,,,,,,,31.100000000000023,27.820000000000054,76.0
2023-09-29 01:30:00,,,,,,,,,,,,,,,,31.100000000000023,27.820000000000054,76.0
2023-09-29 01:45:00,,,,,,,,,,,,,,,,31.100000000000023,27.820000000000054,76.0
2023-09-29 02:00:00,,,,,,,,,,,,,,,,31.100000000000023,27.820000000000054,76.0
2023-09-29 02:15:00,,,,,,,,,,,,,,,,30.597500000000025,27.590000000000053,75.75
2023-09-29 02:30:00,,,,,,,,,,,,,,,,30.095000000000034,27.36000000000004,75.5
2023-09-29 02:45:00,,,,,,,,,,,,,,,,29.592500000000033,27.130000000000038,75.25
2023-09-29 03:00:00,,,,,,,,,,,,,,,,29.090000000000032,26.900000000000034,75.0
2023-09-29 03:15:00,,,,,,,,,,,,,,,,29.090000000000032,26.900000000000034,75.0
2023-09-29 03:30:00,,,,,,,,,,,,,,,,29.090000000000032,26.900000000000034,75.0
2023-09-29 03:45:00,,,,,,,,,,,,,,,,29.090000000000032,26.900000000000034,75.0
2023-09-29 04:00:00,,,,,,,,,,,,,,,,29.090000000000032,26.900000000000034,75.0
2023-09-29 04:15:00,,,,,,,,,,,,,,,,29.090000000000032,26.900000000000034,75.0
2023-09-29 04:30:00,,,,,,,,,,,,,,,,29.090000000000032,26.900000000000034,75.0
2023-09-29 04:45:00,,,,,,,,,,,,,,,,29.090000000000032,26.900000000000034,75.0
2023-09-29 05:00:00,,,,,,,,,,,,,,,,29.090000000000032,26.900000000000034,75.0
2023-09-29 05:15:00,,,,,,,,,,,,,,,,28.355000000000032,26.712500000000034,73.5
2023-09-29 05:30:00,,,,,,,,,,,,,,,,27.620000000000033,26.525000000000034,72.0
2023-09-29 05:45:00,,,,,,,,,,,,,,,,26.885000000000034,26.337500000000034,70.5
2023-09-29 06:00:00,,,,,,,,,,,,,,,,26.150000000000034,26.150000000000034,69.0
2023-09-29 06:15:00,,,,,,,,,,,,,,,,26.150000000000034,26.150000000000034,69.0
2023-09-29 06:30:00,,,,,,,,,,,,,,,,26.150000000000034,26.150000000000034,69.0
2023-09-29 06:45:00,,,,,,,,,,,,,,,,26.150000000000034,26.150000000000034,69.0
2023-09-29 07:00:00,,,,,,,,,,,,,,,,26.150000000000034,26.150000000000034,69.0
2023-09-29 07:15:00,,,,,,,,,,,,,,,,26.150000000000034,26.150000000000034,69.0
2023-09-29 07:30:00,,,,,,,,,,,,,,,,26.150000000000034,26.150000000000034,69.0
2023-09-29 07:45:00,,,,,,,,,,,,,,,,26.150000000000034,26.150000000000034,69.0
2023-09-29 08:00:00,,,,,,,,,,,,,,,,26.150000000000034,26.150000000000034,69.0
2023-09-29 08:15:00,,,,,,,,,,,,,,,,27.202500000000033,26.740000000000038,67.0
2023-09-29 08:30:00,,,,,,,,,,,,,,,,28.255000000000024,27.330000000000037,65.0
2023-09-29 08:45:00,,,,,,,,,,,,,,,,29.307500000000008,27.92000000000005,63.0
2023-09-29 09:00:00,,,,,,,,,,,,,,,,30.36000000000001,28.51000000000005,61.0
2023-09-29 09:15:00,,,,,,,,,,,,,,,,30.36000000000001,28.51000000000005,61.0
2023-09-29 09:30:00,,,,,,,,,,,,,,,,30.36000000000001,28.51000000000005,61.0
2023-09-29 09:45:00,,,,,,,,,,,,,,,,30.36000000000001,28.51000000000005,61.0
2023-09-29 10:00:00,,,,,,,,,,,,,,,,30.36000000000001,28.51000000000005,61.0
2023-09-29 10:15:00,,,,,,,,,,,,,,,,30.36000000000001,28.51000000000005,61.0
2023-09-29 10:30:00,,,,,,,,,,,,,,,,30.36000000000001,28.51000000000005,61.0
2023-09-29 10:45:00,,,,,,,,,,,,,,,,30.36000000000001,28.51000000000005,61.0
2023-09-29 11:00:00,,,,,,,,,,,,,,,,30.36000000000001,28.51000000000005,61.0
2023-09-29 11:15:00,,,,,,,,,,,,,,,,31.637500000000014,29.297500000000053,60.0
2023-09-29 11:30:00,,,,,,,,,,,,,,,,32.91500000000002,30.085000000000036,59.0
2023-09-29 11:45:00,,,,,,,,,,,,,,,,34.19250000000003,30.872500000000034,58.0
2023-09-29 12:00:00,,,,,,,,,,,,,,,,35.470000000000034,31.660000000000025,57.0
2023-09-29 12:15:00,,,,,,,,,,,,,,,,35.470000000000034,31.660000000000025,57.0
2023-09-29 12:30:00,,,,,,,,,,,,,,,,35.470000000000034,31.660000000000025,57.0
2023-09-29 12:45:00,,,,,,,,,,,,,,,,35.470000000000034,31.660000000000025,57.0
2023-09-29 13:00:00,,,,,,,,,,,,,,,,35.470000000000034,31.660000000000025,57.0
2023-09-29 13:15:00,,,,,,,,,,,,,,,,35.470000000000034,31.660000000000025,57.0
2023-09-29 13:30:00,,,,,,,,,,,,,,,,35.470000000000034,31.660000000000025,57.0
2023-09-29 13:45:00,,,,,,,,,,,,,,,,35.470000000000034,31.660000000000025,57.0
2023-09-29 14:00:00,,,,,,,,,,,,,,,,35.470000000000034,31.660000000000025,57.0
2023-09-29 14:15:00,,,,,,,,,,,,,,,,35.69000000000003,31.69750000000002,57.5
2023-09-29 14:30:00,,,,,,,,,,,,,,,,35.910000000000025,31.73500000000001,58.0
2023-09-29 14:45:00,,,,,,,,,,,,,,,,36.13000000000002,31.772500000000004,58.5
2023-09-29 15:00:00,,,,,,,,,,,,,,,,36.35000000000002,31.81,59.0
2023-09-29 15:15:00,,,,,,,,,,,,,,,,36.35000000000002,31.81,59.0
2023-09-29 15:30:00,,,,,,,,,,,,,,,,36.35000000000002,31.81,59.0
2023-09-29 15:45:00,,,,,,,,,,,,,,,,36.35000000000002,31.81,59.0
2023-09-29 16:00:00,,,,,,,,,,,,,,,,36.35000000000002,31.81,59.0
2023-09-29 16:15:00,,,,,,,,,,,,,,,,36.35000000000002,31.81,59.0
2023-09-29 16:30:00,,,,,,,,,,,,,,,,36.35000000000002,31.81,59.0
2023-09-29 16:45:00,,,,,,,,,,,,,,,,36.35000000000002,31.81,59.0
2023-09-29 17:00:00,,,,,,,,,,,,,,,,36.35000000000002,31.81,59.0
2023-09-29 17:15:00,,,,,,,,,,,,,,,,35.755000000000024,31.22250000000001,62.0
2023-09-29 17:30:00,,,,,,,,,,,,,,,,35.160000000000025,30.63500000000002,65.0
2023-09-29 17:45:00,,,,,,,,,,,,,,,,34.56500000000003,30.047500000000035,68.0
2023-09-29 18:00:00,,,,,,,,,,,,,,,,33.970000000000034,29.460000000000036,71.0
2023-09-29 18:15:00,,,,,,,,,,,,,,,,33.970000000000034,29.460000000000036,71.0
2023-09-29 18:30:00,,,,,,,,,,,,,,,,33.970000000000034,29.460000000000036,71.0
2023-09-29 18:45:00,,,,,,,,,,,,,,,,33.970000000000034,29.460000000000036,71.0
2023-09-29 19:00:00,,,,,,,,,,,,,,,,33.970000000000034,29.460000000000036,71.0
2023-09-29 19:15:00,,,,,,,,,,,,,,,,33.970000000000034,29.460000000000036,71.0
2023-09-29 19:30:00,,,,,,,,,,,,,,,,33.970000000000034,29.460000000000036,71.0
2023-09-29 19:45:00,,,,,,,,,,,,,,,,33.970000000000034,29.460000000000036,71.0
2023-09-29 20:00:00,,,,,,,,,,,,,,,,33.970000000000034,29.460000000000036,71.0
2023-09-29 20:15:00,,,,,,,,,,,,,,,,33.470000000000034,29.08250000000004,73.25
2023-09-29 20:30:00,,,,,,,,,,,,,,,,32.970000000000034,28.705000000000037,75.5
2023-09-29 20:45:00,,,,,,,,,,,,,,,,32.470000000000034,28.327500000000054,77.75
2023-09-29 21:00:00,,,,,,,,,,,,,,,,31.970000000000034,27.950000000000053,80.0
2023-09-29 21:15:00,,,,,,,,,,,,,,,,31.970000000000034,27.950000000000053,80.0
2023-09-29 21:30:00,,,,,,,,,,,,,,,,31.970000000000034,27.950000000000053,80.0
2023-09-29 21:45:00,,,,,,,,,,,,,,,,31.970000000000034,27.950000000000053,80.0
2023-09-29 22:00:00,,,,,,,,,,,,,,,,31.970000000000034,27.950000000000053,80.0
2023-09-29 22:15:00,,,,,,,,,,,,,,,,31.970000000000034,27.950000000000053,80.0
2023-09-29 22:30:00,,,,,,,,,,,,,,,,31.970000000000034,27.950000000000053,80.0
2023-09-29 22:45:00,,,,,,,,,,,,,,,,31.970000000000034,27.950000000000053,80.0
2023-09-29 23:00:00,,,,,,,,,,,,,,,,31.970000000000034,27.950000000000053,80.0
2023-09-29 23:15:00,,,,,,,,,,,,,,,,31.802500000000034,27.89500000000004,79.75
2023-09-29 23:30:00,,,,,,,,,,,,,,,,31.63500000000002,27.840000000000032,79.5
2023-09-29 23:45:00,,,,,,,,,,,,,,,,31.46750000000001,27.785000000000025,79.25
2023-09-30 00:00:00,,,,,,,,,,,,,,,,31.300000000000008,27.73000000000001,79.0
2023-09-30 00:15:00,,,,,,,,,,,,,,,,31.300000000000008,27.73000000000001,79.0
2023-09-30 00:30:00,,,,,,,,,,,,,,,,31.300000000000008,27.73000000000001,79.0
2023-09-30 00:45:00,,,,,,,,,,,,,,,,31.300000000000008,27.73000000000001,79.0
2023-09-30 01:00:00,,,,,,,,,,,,,,,,31.300000000000008,27.73000000000001,79.0
2023-09-30 01:15:00,,,,,,,,,,,,,,,,31.300000000000008,27.73000000000001,79.0
2023-09-30 01:30:00,,,,,,,,,,,,,,,,31.300000000000008,27.73000000000001,79.0
2023-09-30 01:45:00,,,,,,,,,,,,,,,,31.300000000000008,27.73000000000001,79.0
2023-09-30 02:00:00,,,,,,,,,,,,,,,,31.300000000000008,27.73000000000001,79.0
2023-09-30 02:15:00,,,,,,,,,,,,,,,,31.050000000000008,27.61000000000001,79.25
2023-09-30 02:30:00,,,,,,,,,,,,,,,,30.800000000000008,27.49000000000001,79.5
2023-09-30 02:45:00,,,,,,,,,,,,,,,,30.550000000000008,27.370000000000005,79.75
2023-09-30 03:00:00,,,,,,,,,,,,,,,,30.300000000000008,27.25,80.0
2023-09-30 03:15:00,,,,,,,,,,,,,,,,30.300000000000008,27.25,80.0
2023-09-30 03:30:00,,,,,,,,,,,,,,,,30.300000000000008,27.25,80.0
2023-09-30 03:45:00,,,,,,,,,,,,,,,,30.300000000000008,27.25,80.0
2023-09-30 04:00:00,,,,,,,,,,,,,,,,30.300000000000008,27.25,80.0
2023-09-30 04:15:00,,,,,,,,,,,,,,,,30.300000000000008,27.25,80.0
2023-09-30 04:30:00,,,,,,,,,,,,,,,,30.300000000000008,27.25,80.0
2023-09-30 04:45:00,,,,,,,,,,,,,,,,30.300000000000008,27.25,80.0
2023-09-30 05:00:00,,,,,,,,,,,,,,,,30.300000000000008,27.25,80.0
2023-09-30 05:15:00,,,,,,,,,,,,,,,,29.99750000000001,27.112500000000008,80.0
2023-09-30 05:30:00,,,,,,,,,,,,,,,,29.695000000000018,26.975000000000023,80.0
2023-09-30 05:45:00,,,,,,,,,,,,,,,,29.392500000000034,26.837500000000038,80.0
2023-09-30 06:00:00,,,,,,,,,,,,,,,,29.090000000000032,26.700000000000053,80.0
2023-09-30 06:15:00,,,,,,,,,,,,,,,,29.090000000000032,26.700000000000053,80.0
2023-09-30 06:30:00,,,,,,,,,,,,,,,,29.090000000000032,26.700000000000053,80.0
2023-09-30 06:45:00,,,,,,,,,,,,,,,,29.090000000000032,26.700000000000053,80.0
2023-09-30 07:00:00,,,,,,,,,,,,,,,,29.090000000000032,26.700000000000053,80.0
2023-09-30 07:15:00,,,,,,,,,,,,,,,,29.090000000000032,26.700000000000053,80.0
2023-09-30 07:30:00,,,,,,,,,,,,,,,,29.090000000000032,26.700000000000053,80.0
2023-09-30 07:45:00,,,,,,,,,,,,,,,,29.090000000000032,26.700000000000053,80.0
2023-09-30 08:00:00,,,,,,,,,,,,,,,,29.090000000000032,26.700000000000053,80.0
2023-09-30 08:15:00,,,,,,,,,,,,,,,,29.770000000000024,27.167500000000054,77.5
2023-09-30 08:30:00,,,,,,,,,,,,,,,,30.450000000000014,27.63500000000005,75.0
2023-09-30 08:45:00,,,,,,,,,,,,,,,,31.13000000000001,28.102500000000052,72.5
2023-09-30 09:00:00,,,,,,,,,,,,,,,,31.81,28.570000000000054,70.0
2023-09-30 09:15:00,,,,,,,,,,,,,,,,31.81,28.570000000000054,70.0
2023-09-30 09:30:00,,,,,,,,,,,,,,,,31.81,28.570000000000054,70.0
2023-09-30 09:45:00,,,,,,,,,,,,,,,,31.81,28.570000000000054,70.0
2023-09-30 10:00:00,,,,,,,,,,,,,,,,31.81,28.570000000000054,70.0
2023-09-30 10:15:00,,,,,,,,,,,,,,,,31.81,28.570000000000054,70.0
2023-09-30 10:30:00,,,,,,,,,,,,,,,,31.81,28.570000000000054,70.0
2023-09-30 10:45:00,,,,,,,,,,,,,,,,31.81,28.570000000000054,70.0
2023-09-30 11:00:00,,,,,,,,,,,,,,,,31.81,28.570000000000054,70.0
2023-09-30 11:15:00,,,,,,,,,,,,,,,,32.90750000000001,29.33250000000004,67.5
2023-09-30 11:30:00,,,,,,,,,,,,,,,,34.005000000000024,30.095000000000034,65.0
2023-09-30 11:45:00,,,,,,,,,,,,,,,,35.102500000000035,30.857500000000016,62.5
2023-09-30 12:00:00,,,,,,,,,,,,,,,,36.200000000000045,31.620000000000005,60.0
2023-09-30 12:15:00,,,,,,,,,,,,,,,,36.200000000000045,31.620000000000005,60.0
2023-09-30 12:30:00,,,,,,,,,,,,,,,,36.200000000000045,31.620000000000005,60.0
2023-09-30 12:45:00,,,,,,,,,,,,,,,,36.200000000000045,31.620000000000005,60.0
2023-09-30 13:00:00,,,,,,,,,,,,,,,,36.200000000000045,31.620000000000005,60.0
2023-09-30 13:15:00,,,,,,,,,,,,,,,,36.200000000000045,31.620000000000005,60.0
2023-09-30 13:30:00,,,,,,,,,,,,,,,,36.200000000000045,31.620000000000005,60.0
2023-09-30 13:45:00,,,,,,,,,,,,,,,,36.200000000000045,31.620000000000005,60.0
2023-09-30 14:00:00,,,,,,,,,,,,,,,,36.200000000000045,31.620000000000005,60.0
2023-09-30 14:15:00,,,,,,,,,,,,,,,,36.275000000000034,31.53000000000001,61.0
2023-09-30 14:30:00,,,,,,,,,,,,,,,,36.35000000000002,31.440000000000023,62.0
2023-09-30 14:45:00,,,,,,,,,,,,,,,,36.42500000000001,31.350000000000037,63.0
2023-09-30 15:00:00,,,,,,,,,,,,,,,,36.5,31.26000000000005,64.0
2023-09-30 15:15:00,,,,,,,,,,,,,,,,36.5,31.26000000000005,64.0
2023-09-30 15:30:00,,,,,,,,,,,,,,,,36.5,31.26000000000005,64.0
2023-09-30 15:45:00,,,,,,,,,,,,,,,,36.5,31.26000000000005,64.0
2023-09-30 16:00:00,,,,,,,,,,,,,,,,36.5,31.26000000000005,64.0
2023-09-30 16:15:00,,,,,,,,,,,,,,,,36.5,31.26000000000005,64.0
2023-09-30 16:30:00,,,,,,,,,,,,,,,,36.5,31.26000000000005,64.0
2023-09-30 16:45:00,,,,,,,,,,,,,,,,36.5,31.26000000000005,64.0
2023-09-30 17:00:00,,,,,,,,,,,,,,,,36.5,31.26000000000005,64.0
2023-09-30 17:15:00,,,,,,,,,,,,,,,,36.03750000000001,30.85750000000005,66.0
2023-09-30 17:30:00,,,,,,,,,,,,,,,,35.575000000000024,30.455000000000037,68.0
2023-09-30 17:45:00,,,,,,,,,,,,,,,,35.112500000000026,30.052500000000038,70.0
2023-09-30 18:00:00,,,,,,,,,,,,,,,,34.650000000000034,29.650000000000034,72.0
2023-09-30 18:15:00,,,,,,,,,,,,,,,,34.650000000000034,29.650000000000034,72.0
2023-09-30 18:30:00,,,,,,,,,,,,,,,,34.650000000000034,29.650000000000034,72.0
2023-09-30 18:45:00,,,,,,,,,,,,,,,,34.650000000000034,29.650000000000034,72.0
2023-09-30 19:00:00,,,,,,,,,,,,,,,,34.650000000000034,29.650000000000034,72.0
2023-09-30 19:15:00,,,,,,,,,,,,,,,,34.650000000000034,29.650000000000034,72.0
2023-09-30 19:30:00,,,,,,,,,,,,,,,,34.650000000000034,29.650000000000034,72.0
2023-09-30 19:45:00,,,,,,,,,,,,,,,,34.650000000000034,29.650000000000034,72.0
2023-09-30 20:00:00,,,,,,,,,,,,,,,,34.650000000000034,29.650000000000034,72.0
2023-09-30 20:15:00,,,,,,,,,,,,,,,,34.047500000000035,29.300000000000026,73.25
2023-09-30 20:30:00,,,,,,,,,,,,,,,,33.44500000000002,28.950000000000014,74.5
2023-09-30 20:45:00,,,,,,,,,,,,,,,,32.84250000000001,28.60000000000001,75.75
2023-09-30 21:00:00,,,,,,,,,,,,,,,,32.24000000000001,28.25,77.0
2023-09-30 21:15:00,,,,,,,,,,,,,,,,32.24000000000001,28.25,77.0
2023-09-30 21:30:00,,,,,,,,,,,,,,,,32.24000000000001,28.25,77.0
2023-09-30 21:45:00,,,,,,,,,,,,,,,,32.24000000000001,28.25,77.0
2023-09-30 22:00:00,,,,,,,,,,,,,,,,32.24000000000001,28.25,77.0
2023-09-30 22:15:00,,,,,,,,,,,,,,,,32.24000000000001,28.25,77.0
2023-09-30 22:30:00,,,,,,,,,,,,,,,,32.24000000000001,28.25,77.0
2023-09-30 22:45:00,,,,,,,,,,,,,,,,32.24000000000001,28.25,77.0
2023-09-30 23:00:00,,,,,,,,,,,,,,,,32.24000000000001,28.25,77.0
2023-09-30 23:15:00,,,,,,,,,,,,,,,,31.917500000000015,28.08250000000001,77.5
2023-09-30 23:30:00,,,,,,,,,,,,,,,,31.595000000000034,27.91500000000002,78.0
2023-09-30 23:45:00,,,,,,,,,,,,,,,,31.272500000000036,27.747500000000034,78.5
2023-10-01 00:00:00,,,,,,,,,,,,,,,,30.950000000000053,27.580000000000037,79.0
2023-10-01 00:15:00,,,,,,,,,,,,,,,,30.950000000000053,27.580000000000037,79.0
2023-10-01 00:30:00,,,,,,,,,,,,,,,,30.950000000000053,27.580000000000037,79.0
2023-10-01 00:45:00,,,,,,,,,,,,,,,,30.950000000000053,27.580000000000037,79.0
2023-10-01 01:00:00,,,,,,,,,,,,,,,,30.950000000000053,27.580000000000037,79.0
2023-10-01 01:15:00,,,,,,,,,,,,,,,,30.950000000000053,27.580000000000037,79.0
2023-10-01 01:30:00,,,,,,,,,,,,,,,,30.950000000000053,27.580000000000037,79.0
2023-10-01 01:45:00,,,,,,,,,,,,,,,,30.950000000000053,27.580000000000037,79.0
2023-10-01 02:00:00,,,,,,,,,,,,,,,,30.950000000000053,27.580000000000037,79.0
2023-10-01 02:15:00,,,,,,,,,,,,,,,,30.607500000000048,27.387500000000035,80.0
2023-10-01 02:30:00,,,,,,,,,,,,,,,,30.265000000000047,27.195000000000014,81.0
2023-10-01 02:45:00,,,,,,,,,,,,,,,,29.92250000000004,27.00250000000001,82.0
2023-10-01 03:00:00,,,,,,,,,,,,,,,,29.580000000000037,26.81,83.0
2023-10-01 03:15:00,,,,,,,,,,,,,,,,29.580000000000037,26.81,83.0
2023-10-01 03:30:00,,,,,,,,,,,,,,,,29.580000000000037,26.81,83.0
2023-10-01 03:45:00,,,,,,,,,,,,,,,,29.580000000000037,26.81,83.0
2023-10-01 04:00:00,,,,,,,,,,,,,,,,29.580000000000037,26.81,83.0
2023-10-01 04:15:00,,,,,,,,,,,,,,,,29.580000000000037,26.81,83.0
2023-10-01 04:30:00,,,,,,,,,,,,,,,,29.580000000000037,26.81,83.0
2023-10-01 04:45:00,,,,,,,,,,,,,,,,29.580000000000037,26.81,83.0
2023-10-01 05:00:00,,,,,,,,,,,,,,,,29.580000000000037,26.81,83.0
2023-10-01 05:15:00,,,,,,,,,,,,,,,,28.752500000000037,26.675000000000008,83.25
2023-10-01 05:30:00,,,,,,,,,,,,,,,,27.92500000000004,26.54000000000002,83.5
2023-10-01 05:45:00,,,,,,,,,,,,,,,,27.09750000000004,26.405000000000033,83.75
2023-10-01 06:00:00,,,,,,,,,,,,,,,,26.27000000000004,26.27000000000004,84.0
2023-10-01 06:15:00,,,,,,,,,,,,,,,,26.27000000000004,26.27000000000004,84.0
2023-10-01 06:30:00,,,,,,,,,,,,,,,,26.27000000000004,26.27000000000004,84.0
2023-10-01 06:45:00,,,,,,,,,,,,,,,,26.27000000000004,26.27000000000004,84.0
2023-10-01 07:00:00,,,,,,,,,,,,,,,,26.27000000000004,26.27000000000004,84.0
2023-10-01 07:15:00,,,,,,,,,,,,,,,,26.27000000000004,26.27000000000004,84.0
2023-10-01 07:30:00,,,,,,,,,,,,,,,,26.27000000000004,26.27000000000004,84.0
2023-10-01 07:45:00,,,,,,,,,,,,,,,,26.27000000000004,26.27000000000004,84.0
2023-10-01 08:00:00,,,,,,,,,,,,,,,,26.27000000000004,26.27000000000004,84.0
2023-10-01 08:15:00,,,,,,,,,,,,,,,,27.687500000000032,26.767500000000037,81.75
2023-10-01 08:30:00,,,,,,,,,,,,,,,,29.105000000000015,27.265000000000047,79.5
2023-10-01 08:45:00,,,,,,,,,,,,,,,,30.522500000000008,27.762500000000053,77.25
2023-10-01 09:00:00,,,,,,,,,,,,,,,,31.94,28.26000000000005,75.0
2023-10-01 09:15:00,,,,,,,,,,,,,,,,31.94,28.26000000000005,75.0
2023-10-01 09:30:00,,,,,,,,,,,,,,,,31.94,28.26000000000005,75.0
2023-10-01 09:45:00,,,,,,,,,,,,,,,,31.94,28.26000000000005,75.0
2023-10-01 10:00:00,,,,,,,,,,,,,,,,31.94,28.26000000000005,75.0
2023-10-01 10:15:00,,,,,,,,,,,,,,,,31.94,28.26000000000005,75.0
2023-10-01 10:30:00,,,,,,,,,,,,,,,,31.94,28.26000000000005,75.0
2023-10-01 10:45:00,,,,,,,,,,,,,,,,31.94,28.26000000000005,75.0
2023-10-01 11:00:00,,,,,,,,,,,,,,,,31.94,28.26000000000005,75.0
2023-10-01 11:15:00,,,,,,,,,,,,,,,,33.06750000000001,29.127500000000037,71.25
2023-10-01 11:30:00,,,,,,,,,,,,,,,,34.19500000000002,29.995000000000033,67.5
2023-10-01 11:45:00,,,,,,,,,,,,,,,,35.32250000000003,30.862500000000026,63.75
2023-10-01 12:00:00,,,,,,,,,,,,,,,,36.450000000000045,31.73000000000001,60.0
2023-10-01 12:15:00,,,,,,,,,,,,,,,,36.450000000000045,31.73000000000001,60.0
2023-10-01 12:30:00,,,,,,,,,,,,,,,,36.450000000000045,31.73000000000001,60.0
2023-10-01 12:45:00,,,,,,,,,,,,,,,,36.450000000000045,31.73000000000001,60.0
2023-10-01 13:00:00,,,,,,,,,,,,,,,,36.450000000000045,31.73000000000001,60.0
2023-10-01 13:15:00,,,,,,,,,,,,,,,,36.450000000000045,31.73000000000001,60.0
2023-10-01 13:30:00,,,,,,,,,,,,,,,,36.450000000000045,31.73000000000001,60.0
2023-10-01 13:45:00,,,,,,,,,,,,,,,,36.450000000000045,31.73000000000001,60.0
2023-10-01 14:00:00,,,,,,,,,,,,,,,,36.450000000000045,31.73000000000001,60.0
2023-10-01 14:15:00,,,,,,,,,,,,,,,,36.46750000000005,31.867500000000017,59.0
2023-10-01 14:30:00,,,,,,,,,,,,,,,,36.485000000000035,32.005000000000024,58.0
2023-10-01 14:45:00,,,,,,,,,,,,,,,,36.50250000000004,32.142500000000034,57.0
2023-10-01 15:00:00,,,,,,,,,,,,,,,,36.52000000000004,32.28000000000004,56.0
2023-10-01 15:15:00,,,,,,,,,,,,,,,,36.52000000000004,32.28000000000004,56.0
2023-10-01 15:30:00,,,,,,,,,,,,,,,,36.52000000000004,32.28000000000004,56.0
2023-10-01 15:45:00,,,,,,,,,,,,,,,,36.52000000000004,32.28000000000004,56.0
2023-10-01 16:00:00,,,,,,,,,,,,,,,,36.52000000000004,32.28000000000004,56.0
2023-10-01 16:15:00,,,,,,,,,,,,,,,,36.52000000000004,32.28000000000004,56.0
2023-10-01 16:30:00,,,,,,,,,,,,,,,,36.52000000000004,32.28000000000004,56.0
2023-10-01 16:45:00,,,,,,,,,,,,,,,,36.52000000000004,32.28000000000004,56.0
2023-10-01 17:00:00,,,,,,,,,,,,,,,,36.52000000000004,32.28000000000004,56.0
2023-10-01 17:15:00,,,,,,,,,,,,,,,,35.962500000000034,31.865000000000034,57.25
2023-10-01 17:30:00,,,,,,,,,,,,,,,,35.40500000000004,31.45000000000002,58.5
2023-10-01 17:45:00,,,,,,,,,,,,,,,,34.847500000000025,31.03500000000001,59.75
2023-10-01 18:00:00,,,,,,,,,,,,,,,,34.29000000000002,30.620000000000005,61.0
2023-10-01 18:15:00,,,,,,,,,,,,,,,,34.29000000000002,30.620000000000005,61.0
2023-10-01 18:30:00,,,,,,,,,,,,,,,,34.29000000000002,30.620000000000005,61.0
2023-10-01 18:45:00,,,,,,,,,,,,,,,,34.29000000000002,30.620000000000005,61.0
2023-10-01 19:00:00,,,,,,,,,,,,,,,,34.29000000000002,30.620000000000005,61.0
2023-10-01 19:15:00,,,,,,,,,,,,,,,,34.29000000000002,30.620000000000005,61.0
2023-10-01 19:30:00,,,,,,,,,,,,,,,,34.29000000000002,30.620000000000005,61.0
2023-10-01 19:45:00,,,,,,,,,,,,,,,,34.29000000000002,30.620000000000005,61.0
2023-10-01 20:00:00,,,,,,,,,,,,,,,,34.29000000000002,30.620000000000005,61.0
2023-10-01 20:15:00,,,,,,,,,,,,,,,,33.692500000000024,30.18000000000001,62.5
2023-10-01 20:30:00,,,,,,,,,,,,,,,,33.095000000000034,29.74000000000001,64.0
2023-10-01 20:45:00,,,,,,,,,,,,,,,,32.49750000000003,29.300000000000008,65.5
2023-10-01 21:00:00,,,,,,,,,,,,,,,,31.900000000000034,28.86000000000001,67.0
2023-10-01 21:15:00,,,,,,,,,,,,,,,,31.900000000000034,28.86000000000001,67.0
2023-10-01 21:30:00,,,,,,,,,,,,,,,,31.900000000000034,28.86000000000001,67.0
2023-10-01 21:45:00,,,,,,,,,,,,,,,,31.900000000000034,28.86000000000001,67.0
2023-10-01 22:00:00,,,,,,,,,,,,,,,,31.900000000000034,28.86000000000001,67.0
2023-10-01 22:15:00,,,,,,,,,,,,,,,,31.900000000000034,28.86000000000001,67.0
2023-10-01 22:30:00,,,,,,,,,,,,,,,,31.900000000000034,28.86000000000001,67.0
2023-10-01 22:45:00,,,,,,,,,,,,,,,,31.900000000000034,28.86000000000001,67.0
2023-10-01 23:00:00,,,,,,,,,,,,,,,,31.900000000000034,28.86000000000001,67.0
2023-10-01 23:15:00,,,,,,,,,,,,,,,,,,
2023-10-01 23:30:00,,,,,,,,,,,,,,,,,,
2023-10-01 23:45:00,,,,,,,,,,,,,,,,,,
